TimeStamp,ID,Participant,Booking_system,Item,Score,ScoreN,Component
2/4/2022 11:41:17,201805308,Participant,NFB,Quickly,Strongly Agree,7,Percieved Usefulness
2/4/2022 11:42:28,TRS,Participant,NFB,Quickly,Slightly disagree,3,Percieved Usefulness
2/4/2022 11:43:10,201805308,Participant,Cinemaxx,Quickly,Strongly Agree,7,Percieved Usefulness
2/4/2022 11:44:52,2020,Participant,NFB,Quickly,Agree,6,Percieved Usefulness
2/4/2022 11:45:49,Athen,Participant,Cinemaxx,Quickly,Strongly Agree,7,Percieved Usefulness
2/4/2022 11:46:01,Jakob,Participant,NFB,Quickly,Strongly Agree,7,Percieved Usefulness
2/4/2022 11:47:14,TRS,Participant,Cinemaxx,Quickly,Agree,6,Percieved Usefulness
2/4/2022 11:47:17,stine,Participant,NFB,Quickly,Agree,6,Percieved Usefulness
2/4/2022 11:47:18,QWERTY1001,Participant,NFB,Quickly,Agree,6,Percieved Usefulness
2/4/2022 11:48:00,240696xxxxx,Participant,NFB,Quickly,Agree,6,Percieved Usefulness
2/4/2022 11:48:04,anja220,Participant,Cinemaxx,Quickly,Agree,6,Percieved Usefulness
2/4/2022 11:48:13,AL,Participant,NFB,Quickly,Neither agree nor disagree,4,Percieved Usefulness
2/4/2022 11:48:26,8888,Participant,NFB,Quickly,Agree,6,Percieved Usefulness
2/4/2022 11:48:36,2020,Participant,Cinemaxx,Quickly,Strongly Agree,7,Percieved Usefulness
2/4/2022 11:50:32,anja220,Participant,NFB,Quickly,Agree,6,Percieved Usefulness
2/4/2022 11:50:37,Athen,Participant,NFB,Quickly,Strongly Agree,7,Percieved Usefulness
2/4/2022 11:50:57,gamer,Participant,NFB,Quickly,Agree,6,Percieved Usefulness
2/4/2022 11:52:05,Melina,Participant,Cinemaxx,Quickly,Strongly Agree,7,Percieved Usefulness
2/4/2022 11:52:16,Jakob,Participant,Cinemaxx,Quickly,Strongly Agree,7,Percieved Usefulness
2/4/2022 11:52:34,stine,Participant,Cinemaxx,Quickly,Slightly agree,5,Percieved Usefulness
2/4/2022 11:52:39,KK,Anthropologist,NFB,Quickly,Slightly agree,5,Percieved Usefulness
2/4/2022 11:52:58,ACM,Anthropologist,NFB,Quickly,Agree,6,Percieved Usefulness
2/4/2022 11:54:36,704314,Participant,NFB,Quickly,Agree,6,Percieved Usefulness
2/4/2022 11:54:37,SK95,Participant,NFB,Quickly,Strongly Agree,7,Percieved Usefulness
2/4/2022 11:55:29,gHoStFaCeKiLlEr,Anthropologist,Cinemaxx,Quickly,Agree,6,Percieved Usefulness
2/4/2022 11:55:32,240696xxxx,Participant,Cinemaxx,Quickly,Slightly agree,5,Percieved Usefulness
2/4/2022 11:55:34,8888,Participant,Cinemaxx,Quickly,Agree,6,Percieved Usefulness
2/4/2022 11:55:43,QWERTY1001,Participant,Cinemaxx,Quickly,Strongly Agree,7,Percieved Usefulness
2/4/2022 11:56:18,gamer,Participant,Cinemaxx,Quickly,Disagree,2,Percieved Usefulness
2/4/2022 11:56:21,gHoStFaCeKiLlEr,Anthropologist,NFB,Quickly,Slightly agree,5,Percieved Usefulness
2/4/2022 11:56:34,Melina,Participant,NFB,Quickly,Agree,6,Percieved Usefulness
2/4/2022 11:56:43,KK,Anthropologist,Cinemaxx,Quickly,Slightly agree,5,Percieved Usefulness
2/4/2022 11:56:50,704314,Participant,Cinemaxx,Quickly,Strongly Agree,7,Percieved Usefulness
2/4/2022 11:57:54,ACM,Participant,Cinemaxx,Quickly,Slightly agree,5,Percieved Usefulness
2/4/2022 11:58:20,SK95,Participant,Cinemaxx,Quickly,Strongly Agree,7,Percieved Usefulness
2/4/2022 12:00:33,Tammy,Anthropologist,Cinemaxx,Quickly,Neither agree nor disagree,4,Percieved Usefulness
2/4/2022 12:01:10,AL,Participant,Cinemaxx,Quickly,Agree,6,Percieved Usefulness
2/4/2022 12:05:24,cocio91,Anthropologist,NFB,Quickly,Slightly agree,5,Percieved Usefulness
2/4/2022 12:06:55,cocio91,Anthropologist,Cinemaxx,Quickly,Strongly Agree,7,Percieved Usefulness
2/4/2022 11:41:17,201805308,Participant,NFB,Improves_Performance,Strongly Agree,7,Percieved Usefulness
2/4/2022 11:42:28,TRS,Participant,NFB,Improves_Performance,Neither agree nor disagree,4,Percieved Usefulness
2/4/2022 11:43:10,201805308,Participant,Cinemaxx,Improves_Performance,Strongly Agree,7,Percieved Usefulness
2/4/2022 11:44:52,2020,Participant,NFB,Improves_Performance,Agree,6,Percieved Usefulness
2/4/2022 11:45:49,Athen,Participant,Cinemaxx,Improves_Performance,Strongly Agree,7,Percieved Usefulness
2/4/2022 11:46:01,Jakob,Participant,NFB,Improves_Performance,Strongly Agree,7,Percieved Usefulness
2/4/2022 11:47:14,TRS,Participant,Cinemaxx,Improves_Performance,Slightly agree,5,Percieved Usefulness
2/4/2022 11:47:17,stine,Participant,NFB,Improves_Performance,Slightly agree,5,Percieved Usefulness
2/4/2022 11:47:18,QWERTY1001,Participant,NFB,Improves_Performance,Slightly agree,5,Percieved Usefulness
2/4/2022 11:48:00,240696xxxxx,Participant,NFB,Improves_Performance,Slightly agree,5,Percieved Usefulness
2/4/2022 11:48:04,anja220,Participant,Cinemaxx,Improves_Performance,Neither agree nor disagree,4,Percieved Usefulness
2/4/2022 11:48:13,AL,Participant,NFB,Improves_Performance,Slightly agree,5,Percieved Usefulness
2/4/2022 11:48:26,8888,Participant,NFB,Improves_Performance,Neither agree nor disagree,4,Percieved Usefulness
2/4/2022 11:48:36,2020,Participant,Cinemaxx,Improves_Performance,Agree,6,Percieved Usefulness
2/4/2022 11:50:32,anja220,Participant,NFB,Improves_Performance,Strongly Agree,7,Percieved Usefulness
2/4/2022 11:50:37,Athen,Participant,NFB,Improves_Performance,Strongly Agree,7,Percieved Usefulness
2/4/2022 11:50:57,gamer,Participant,NFB,Improves_Performance,Agree,6,Percieved Usefulness
2/4/2022 11:52:05,Melina,Participant,Cinemaxx,Improves_Performance,Agree,6,Percieved Usefulness
2/4/2022 11:52:16,Jakob,Participant,Cinemaxx,Improves_Performance,Strongly Agree,7,Percieved Usefulness
2/4/2022 11:52:34,stine,Participant,Cinemaxx,Improves_Performance,Slightly agree,5,Percieved Usefulness
2/4/2022 11:52:39,KK,Anthropologist,NFB,Improves_Performance,Neither agree nor disagree,4,Percieved Usefulness
2/4/2022 11:52:58,ACM,Anthropologist,NFB,Improves_Performance,Slightly agree,5,Percieved Usefulness
2/4/2022 11:54:36,704314,Participant,NFB,Improves_Performance,Strongly Agree,7,Percieved Usefulness
2/4/2022 11:54:37,SK95,Participant,NFB,Improves_Performance,Strongly Agree,7,Percieved Usefulness
2/4/2022 11:55:29,gHoStFaCeKiLlEr,Anthropologist,Cinemaxx,Improves_Performance,Agree,6,Percieved Usefulness
2/4/2022 11:55:32,240696xxxx,Participant,Cinemaxx,Improves_Performance,Strongly Agree,7,Percieved Usefulness
2/4/2022 11:55:34,8888,Participant,Cinemaxx,Improves_Performance,Agree,6,Percieved Usefulness
2/4/2022 11:55:43,QWERTY1001,Participant,Cinemaxx,Improves_Performance,Agree,6,Percieved Usefulness
2/4/2022 11:56:18,gamer,Participant,Cinemaxx,Improves_Performance,Slightly disagree,3,Percieved Usefulness
2/4/2022 11:56:21,gHoStFaCeKiLlEr,Anthropologist,NFB,Improves_Performance,Slightly agree,5,Percieved Usefulness
2/4/2022 11:56:34,Melina,Participant,NFB,Improves_Performance,Agree,6,Percieved Usefulness
2/4/2022 11:56:43,KK,Anthropologist,Cinemaxx,Improves_Performance,Slightly agree,5,Percieved Usefulness
2/4/2022 11:56:50,704314,Participant,Cinemaxx,Improves_Performance,Strongly Agree,7,Percieved Usefulness
2/4/2022 11:57:54,ACM,Participant,Cinemaxx,Improves_Performance,Agree,6,Percieved Usefulness
2/4/2022 11:58:20,SK95,Participant,Cinemaxx,Improves_Performance,Strongly Agree,7,Percieved Usefulness
2/4/2022 12:00:33,Tammy,Anthropologist,Cinemaxx,Improves_Performance,Neither agree nor disagree,4,Percieved Usefulness
2/4/2022 12:01:10,AL,Participant,Cinemaxx,Improves_Performance,Agree,6,Percieved Usefulness
2/4/2022 12:05:24,cocio91,Anthropologist,NFB,Improves_Performance,Slightly agree,5,Percieved Usefulness
2/4/2022 12:06:55,cocio91,Anthropologist,Cinemaxx,Improves_Performance,Strongly Agree,7,Percieved Usefulness
2/4/2022 11:41:17,201805308,Participant,NFB,Increase_Productivity,Strongly Agree,7,Percieved Usefulness
2/4/2022 11:42:28,TRS,Participant,NFB,Increase_Productivity,Neither agree nor disagree,4,Percieved Usefulness
2/4/2022 11:43:10,201805308,Participant,Cinemaxx,Increase_Productivity,Strongly Agree,7,Percieved Usefulness
2/4/2022 11:44:52,2020,Participant,NFB,Increase_Productivity,Agree,6,Percieved Usefulness
2/4/2022 11:45:49,Athen,Participant,Cinemaxx,Increase_Productivity,Strongly Agree,7,Percieved Usefulness
2/4/2022 11:46:01,Jakob,Participant,NFB,Increase_Productivity,Strongly Agree,7,Percieved Usefulness
2/4/2022 11:47:14,TRS,Participant,Cinemaxx,Increase_Productivity,Slightly agree,5,Percieved Usefulness
2/4/2022 11:47:17,stine,Participant,NFB,Increase_Productivity,Slightly agree,5,Percieved Usefulness
2/4/2022 11:47:18,QWERTY1001,Participant,NFB,Increase_Productivity,Agree,6,Percieved Usefulness
2/4/2022 11:48:00,240696xxxxx,Participant,NFB,Increase_Productivity,Strongly Agree,7,Percieved Usefulness
2/4/2022 11:48:04,anja220,Participant,Cinemaxx,Increase_Productivity,Slightly agree,5,Percieved Usefulness
2/4/2022 11:48:13,AL,Participant,NFB,Increase_Productivity,Slightly agree,5,Percieved Usefulness
2/4/2022 11:48:26,8888,Participant,NFB,Increase_Productivity,Agree,6,Percieved Usefulness
2/4/2022 11:48:36,2020,Participant,Cinemaxx,Increase_Productivity,Agree,6,Percieved Usefulness
2/4/2022 11:50:32,anja220,Participant,NFB,Increase_Productivity,Strongly Agree,7,Percieved Usefulness
2/4/2022 11:50:37,Athen,Participant,NFB,Increase_Productivity,Strongly Agree,7,Percieved Usefulness
2/4/2022 11:50:57,gamer,Participant,NFB,Increase_Productivity,Agree,6,Percieved Usefulness
2/4/2022 11:52:05,Melina,Participant,Cinemaxx,Increase_Productivity,Agree,6,Percieved Usefulness
2/4/2022 11:52:16,Jakob,Participant,Cinemaxx,Increase_Productivity,Strongly Agree,7,Percieved Usefulness
2/4/2022 11:52:34,stine,Participant,Cinemaxx,Increase_Productivity,Neither agree nor disagree,4,Percieved Usefulness
2/4/2022 11:52:39,KK,Anthropologist,NFB,Increase_Productivity,Neither agree nor disagree,4,Percieved Usefulness
2/4/2022 11:52:58,ACM,Anthropologist,NFB,Increase_Productivity,Slightly agree,5,Percieved Usefulness
2/4/2022 11:54:36,704314,Participant,NFB,Increase_Productivity,Strongly Agree,7,Percieved Usefulness
2/4/2022 11:54:37,SK95,Participant,NFB,Increase_Productivity,Strongly Agree,7,Percieved Usefulness
2/4/2022 11:55:29,gHoStFaCeKiLlEr,Anthropologist,Cinemaxx,Increase_Productivity,Agree,6,Percieved Usefulness
2/4/2022 11:55:32,240696xxxx,Participant,Cinemaxx,Increase_Productivity,Strongly Agree,7,Percieved Usefulness
2/4/2022 11:55:34,8888,Participant,Cinemaxx,Increase_Productivity,Agree,6,Percieved Usefulness
2/4/2022 11:55:43,QWERTY1001,Participant,Cinemaxx,Increase_Productivity,Agree,6,Percieved Usefulness
2/4/2022 11:56:18,gamer,Participant,Cinemaxx,Increase_Productivity,Slightly disagree,3,Percieved Usefulness
2/4/2022 11:56:21,gHoStFaCeKiLlEr,Anthropologist,NFB,Increase_Productivity,Slightly agree,5,Percieved Usefulness
2/4/2022 11:56:34,Melina,Participant,NFB,Increase_Productivity,Agree,6,Percieved Usefulness
2/4/2022 11:56:43,KK,Anthropologist,Cinemaxx,Increase_Productivity,Slightly agree,5,Percieved Usefulness
2/4/2022 11:56:50,704314,Participant,Cinemaxx,Increase_Productivity,Strongly Agree,7,Percieved Usefulness
2/4/2022 11:57:54,ACM,Participant,Cinemaxx,Increase_Productivity,Slightly agree,5,Percieved Usefulness
2/4/2022 11:58:20,SK95,Participant,Cinemaxx,Increase_Productivity,Strongly Agree,7,Percieved Usefulness
2/4/2022 12:00:33,Tammy,Anthropologist,Cinemaxx,Increase_Productivity,Neither agree nor disagree,4,Percieved Usefulness
2/4/2022 12:01:10,AL,Participant,Cinemaxx,Increase_Productivity,Slightly agree,5,Percieved Usefulness
2/4/2022 12:05:24,cocio91,Anthropologist,NFB,Increase_Productivity,Slightly agree,5,Percieved Usefulness
2/4/2022 12:06:55,cocio91,Anthropologist,Cinemaxx,Increase_Productivity,Strongly Agree,7,Percieved Usefulness
2/4/2022 11:41:17,201805308,Participant,NFB,Enhance_Effectiveness,Strongly Agree,7,Percieved Usefulness
2/4/2022 11:42:28,TRS,Participant,NFB,Enhance_Effectiveness,Neither agree nor disagree,4,Percieved Usefulness
2/4/2022 11:43:10,201805308,Participant,Cinemaxx,Enhance_Effectiveness,Strongly Agree,7,Percieved Usefulness
2/4/2022 11:44:52,2020,Participant,NFB,Enhance_Effectiveness,Agree,6,Percieved Usefulness
2/4/2022 11:45:49,Athen,Participant,Cinemaxx,Enhance_Effectiveness,Strongly Agree,7,Percieved Usefulness
2/4/2022 11:46:01,Jakob,Participant,NFB,Enhance_Effectiveness,Strongly Agree,7,Percieved Usefulness
2/4/2022 11:47:14,TRS,Participant,Cinemaxx,Enhance_Effectiveness,Slightly agree,5,Percieved Usefulness
2/4/2022 11:47:17,stine,Participant,NFB,Enhance_Effectiveness,Slightly agree,5,Percieved Usefulness
2/4/2022 11:47:18,QWERTY1001,Participant,NFB,Enhance_Effectiveness,Agree,6,Percieved Usefulness
2/4/2022 11:48:00,240696xxxxx,Participant,NFB,Enhance_Effectiveness,Strongly Agree,7,Percieved Usefulness
2/4/2022 11:48:04,anja220,Participant,Cinemaxx,Enhance_Effectiveness,Neither agree nor disagree,4,Percieved Usefulness
2/4/2022 11:48:13,AL,Participant,NFB,Enhance_Effectiveness,Slightly agree,5,Percieved Usefulness
2/4/2022 11:48:26,8888,Participant,NFB,Enhance_Effectiveness,Agree,6,Percieved Usefulness
2/4/2022 11:48:36,2020,Participant,Cinemaxx,Enhance_Effectiveness,Agree,6,Percieved Usefulness
2/4/2022 11:50:32,anja220,Participant,NFB,Enhance_Effectiveness,Slightly agree,5,Percieved Usefulness
2/4/2022 11:50:37,Athen,Participant,NFB,Enhance_Effectiveness,Strongly Agree,7,Percieved Usefulness
2/4/2022 11:50:57,gamer,Participant,NFB,Enhance_Effectiveness,Agree,6,Percieved Usefulness
2/4/2022 11:52:05,Melina,Participant,Cinemaxx,Enhance_Effectiveness,Agree,6,Percieved Usefulness
2/4/2022 11:52:16,Jakob,Participant,Cinemaxx,Enhance_Effectiveness,Strongly Agree,7,Percieved Usefulness
2/4/2022 11:52:34,stine,Participant,Cinemaxx,Enhance_Effectiveness,Neither agree nor disagree,4,Percieved Usefulness
2/4/2022 11:52:39,KK,Anthropologist,NFB,Enhance_Effectiveness,Slightly agree,5,Percieved Usefulness
2/4/2022 11:52:58,ACM,Anthropologist,NFB,Enhance_Effectiveness,Agree,6,Percieved Usefulness
2/4/2022 11:54:36,704314,Participant,NFB,Enhance_Effectiveness,Strongly Agree,7,Percieved Usefulness
2/4/2022 11:54:37,SK95,Participant,NFB,Enhance_Effectiveness,Strongly Agree,7,Percieved Usefulness
2/4/2022 11:55:29,gHoStFaCeKiLlEr,Anthropologist,Cinemaxx,Enhance_Effectiveness,Agree,6,Percieved Usefulness
2/4/2022 11:55:32,240696xxxx,Participant,Cinemaxx,Enhance_Effectiveness,Strongly Agree,7,Percieved Usefulness
2/4/2022 11:55:34,8888,Participant,Cinemaxx,Enhance_Effectiveness,Agree,6,Percieved Usefulness
2/4/2022 11:55:43,QWERTY1001,Participant,Cinemaxx,Enhance_Effectiveness,Agree,6,Percieved Usefulness
2/4/2022 11:56:18,gamer,Participant,Cinemaxx,Enhance_Effectiveness,Slightly disagree,3,Percieved Usefulness
2/4/2022 11:56:21,gHoStFaCeKiLlEr,Anthropologist,NFB,Enhance_Effectiveness,Slightly agree,5,Percieved Usefulness
2/4/2022 11:56:34,Melina,Participant,NFB,Enhance_Effectiveness,Agree,6,Percieved Usefulness
2/4/2022 11:56:43,KK,Anthropologist,Cinemaxx,Enhance_Effectiveness,Slightly agree,5,Percieved Usefulness
2/4/2022 11:56:50,704314,Participant,Cinemaxx,Enhance_Effectiveness,Strongly Agree,7,Percieved Usefulness
2/4/2022 11:57:54,ACM,Participant,Cinemaxx,Enhance_Effectiveness,Slightly agree,5,Percieved Usefulness
2/4/2022 11:58:20,SK95,Participant,Cinemaxx,Enhance_Effectiveness,Strongly Agree,7,Percieved Usefulness
2/4/2022 12:00:33,Tammy,Anthropologist,Cinemaxx,Enhance_Effectiveness,Neither agree nor disagree,4,Percieved Usefulness
2/4/2022 12:01:10,AL,Participant,Cinemaxx,Enhance_Effectiveness,Slightly agree,5,Percieved Usefulness
2/4/2022 12:05:24,cocio91,Anthropologist,NFB,Enhance_Effectiveness,Slightly agree,5,Percieved Usefulness
2/4/2022 12:06:55,cocio91,Anthropologist,Cinemaxx,Enhance_Effectiveness,Strongly Agree,7,Percieved Usefulness
2/4/2022 11:41:17,201805308,Participant,NFB,Easy,Strongly Agree,7,Percieved Usefulness
2/4/2022 11:42:28,TRS,Participant,NFB,Easy,Slightly agree,5,Percieved Usefulness
2/4/2022 11:43:10,201805308,Participant,Cinemaxx,Easy,Strongly Agree,7,Percieved Usefulness
2/4/2022 11:44:52,2020,Participant,NFB,Easy,Agree,6,Percieved Usefulness
2/4/2022 11:45:49,Athen,Participant,Cinemaxx,Easy,Strongly Agree,7,Percieved Usefulness
2/4/2022 11:46:01,Jakob,Participant,NFB,Easy,Strongly Agree,7,Percieved Usefulness
2/4/2022 11:47:14,TRS,Participant,Cinemaxx,Easy,Agree,6,Percieved Usefulness
2/4/2022 11:47:17,stine,Participant,NFB,Easy,Agree,6,Percieved Usefulness
2/4/2022 11:47:18,QWERTY1001,Participant,NFB,Easy,Agree,6,Percieved Usefulness
2/4/2022 11:48:00,240696xxxxx,Participant,NFB,Easy,Slightly agree,5,Percieved Usefulness
2/4/2022 11:48:04,anja220,Participant,Cinemaxx,Easy,Slightly agree,5,Percieved Usefulness
2/4/2022 11:48:13,AL,Participant,NFB,Easy,Slightly agree,5,Percieved Usefulness
2/4/2022 11:48:26,8888,Participant,NFB,Easy,Strongly Agree,7,Percieved Usefulness
2/4/2022 11:48:36,2020,Participant,Cinemaxx,Easy,Strongly Agree,7,Percieved Usefulness
2/4/2022 11:50:32,anja220,Participant,NFB,Easy,Agree,6,Percieved Usefulness
2/4/2022 11:50:37,Athen,Participant,NFB,Easy,Strongly Agree,7,Percieved Usefulness
2/4/2022 11:50:57,gamer,Participant,NFB,Easy,Agree,6,Percieved Usefulness
2/4/2022 11:52:05,Melina,Participant,Cinemaxx,Easy,Agree,6,Percieved Usefulness
2/4/2022 11:52:16,Jakob,Participant,Cinemaxx,Easy,Agree,6,Percieved Usefulness
2/4/2022 11:52:34,stine,Participant,Cinemaxx,Easy,Slightly agree,5,Percieved Usefulness
2/4/2022 11:52:39,KK,Anthropologist,NFB,Easy,Slightly agree,5,Percieved Usefulness
2/4/2022 11:52:58,ACM,Anthropologist,NFB,Easy,Agree,6,Percieved Usefulness
2/4/2022 11:54:36,704314,Participant,NFB,Easy,Slightly agree,5,Percieved Usefulness
2/4/2022 11:54:37,SK95,Participant,NFB,Easy,Strongly Agree,7,Percieved Usefulness
2/4/2022 11:55:29,gHoStFaCeKiLlEr,Anthropologist,Cinemaxx,Easy,Agree,6,Percieved Usefulness
2/4/2022 11:55:32,240696xxxx,Participant,Cinemaxx,Easy,Strongly Agree,7,Percieved Usefulness
2/4/2022 11:55:34,8888,Participant,Cinemaxx,Easy,Strongly Agree,7,Percieved Usefulness
2/4/2022 11:55:43,QWERTY1001,Participant,Cinemaxx,Easy,Strongly Agree,7,Percieved Usefulness
2/4/2022 11:56:18,gamer,Participant,Cinemaxx,Easy,Disagree,2,Percieved Usefulness
2/4/2022 11:56:21,gHoStFaCeKiLlEr,Anthropologist,NFB,Easy,Slightly agree,5,Percieved Usefulness
2/4/2022 11:56:34,Melina,Participant,NFB,Easy,Agree,6,Percieved Usefulness
2/4/2022 11:56:43,KK,Anthropologist,Cinemaxx,Easy,Slightly agree,5,Percieved Usefulness
2/4/2022 11:56:50,704314,Participant,Cinemaxx,Easy,Strongly Agree,7,Percieved Usefulness
2/4/2022 11:57:54,ACM,Participant,Cinemaxx,Easy,Agree,6,Percieved Usefulness
2/4/2022 11:58:20,SK95,Participant,Cinemaxx,Easy,Strongly Agree,7,Percieved Usefulness
2/4/2022 12:00:33,Tammy,Anthropologist,Cinemaxx,Easy,Neither agree nor disagree,4,Percieved Usefulness
2/4/2022 12:01:10,AL,Participant,Cinemaxx,Easy,Slightly agree,5,Percieved Usefulness
2/4/2022 12:05:24,cocio91,Anthropologist,NFB,Easy,Slightly agree,5,Percieved Usefulness
2/4/2022 12:06:55,cocio91,Anthropologist,Cinemaxx,Easy,Agree,6,Percieved Usefulness
2/4/2022 11:41:17,201805308,Participant,NFB,Useful,Strongly Agree,7,Percieved Usefulness
2/4/2022 11:42:28,TRS,Participant,NFB,Useful,Slightly disagree,3,Percieved Usefulness
2/4/2022 11:43:10,201805308,Participant,Cinemaxx,Useful,Strongly Agree,7,Percieved Usefulness
2/4/2022 11:44:52,2020,Participant,NFB,Useful,Strongly Agree,7,Percieved Usefulness
2/4/2022 11:45:49,Athen,Participant,Cinemaxx,Useful,Strongly Agree,7,Percieved Usefulness
2/4/2022 11:46:01,Jakob,Participant,NFB,Useful,Agree,6,Percieved Usefulness
2/4/2022 11:47:14,TRS,Participant,Cinemaxx,Useful,Agree,6,Percieved Usefulness
2/4/2022 11:47:17,stine,Participant,NFB,Useful,Strongly Agree,7,Percieved Usefulness
2/4/2022 11:47:18,QWERTY1001,Participant,NFB,Useful,Agree,6,Percieved Usefulness
2/4/2022 11:48:00,240696xxxxx,Participant,NFB,Useful,Strongly Agree,7,Percieved Usefulness
2/4/2022 11:48:04,anja220,Participant,Cinemaxx,Useful,Agree,6,Percieved Usefulness
2/4/2022 11:48:13,AL,Participant,NFB,Useful,Agree,6,Percieved Usefulness
2/4/2022 11:48:26,8888,Participant,NFB,Useful,Agree,6,Percieved Usefulness
2/4/2022 11:48:36,2020,Participant,Cinemaxx,Useful,Strongly Agree,7,Percieved Usefulness
2/4/2022 11:50:32,anja220,Participant,NFB,Useful,Agree,6,Percieved Usefulness
2/4/2022 11:50:37,Athen,Participant,NFB,Useful,Strongly Agree,7,Percieved Usefulness
2/4/2022 11:50:57,gamer,Participant,NFB,Useful,Agree,6,Percieved Usefulness
2/4/2022 11:52:05,Melina,Participant,Cinemaxx,Useful,Agree,6,Percieved Usefulness
2/4/2022 11:52:16,Jakob,Participant,Cinemaxx,Useful,Agree,6,Percieved Usefulness
2/4/2022 11:52:34,stine,Participant,Cinemaxx,Useful,Slightly agree,5,Percieved Usefulness
2/4/2022 11:52:39,KK,Anthropologist,NFB,Useful,Slightly agree,5,Percieved Usefulness
2/4/2022 11:52:58,ACM,Anthropologist,NFB,Useful,Agree,6,Percieved Usefulness
2/4/2022 11:54:36,704314,Participant,NFB,Useful,Strongly Agree,7,Percieved Usefulness
2/4/2022 11:54:37,SK95,Participant,NFB,Useful,Strongly Agree,7,Percieved Usefulness
2/4/2022 11:55:29,gHoStFaCeKiLlEr,Anthropologist,Cinemaxx,Useful,Agree,6,Percieved Usefulness
2/4/2022 11:55:32,240696xxxx,Participant,Cinemaxx,Useful,Agree,6,Percieved Usefulness
2/4/2022 11:55:34,8888,Participant,Cinemaxx,Useful,Strongly Agree,7,Percieved Usefulness
2/4/2022 11:55:43,QWERTY1001,Participant,Cinemaxx,Useful,Agree,6,Percieved Usefulness
2/4/2022 11:56:18,gamer,Participant,Cinemaxx,Useful,Disagree,2,Percieved Usefulness
2/4/2022 11:56:21,gHoStFaCeKiLlEr,Anthropologist,NFB,Useful,Slightly agree,5,Percieved Usefulness
2/4/2022 11:56:34,Melina,Participant,NFB,Useful,Agree,6,Percieved Usefulness
2/4/2022 11:56:43,KK,Anthropologist,Cinemaxx,Useful,Slightly agree,5,Percieved Usefulness
2/4/2022 11:56:50,704314,Participant,Cinemaxx,Useful,Strongly Agree,7,Percieved Usefulness
2/4/2022 11:57:54,ACM,Participant,Cinemaxx,Useful,Agree,6,Percieved Usefulness
2/4/2022 11:58:20,SK95,Participant,Cinemaxx,Useful,Strongly Agree,7,Percieved Usefulness
2/4/2022 12:00:33,Tammy,Anthropologist,Cinemaxx,Useful,Agree,6,Percieved Usefulness
2/4/2022 12:01:10,AL,Participant,Cinemaxx,Useful,Slightly agree,5,Percieved Usefulness
2/4/2022 12:05:24,cocio91,Anthropologist,NFB,Useful,Agree,6,Percieved Usefulness
2/4/2022 12:06:55,cocio91,Anthropologist,Cinemaxx,Useful,Agree,6,Percieved Usefulness
2/4/2022 11:41:17,201805308,Participant,NFB,Learning_Easy,Agree,6,Percieved Ease of Use
2/4/2022 11:42:28,TRS,Participant,NFB,Learning_Easy,Disagree,2,Percieved Ease of Use
2/4/2022 11:43:10,201805308,Participant,Cinemaxx,Learning_Easy,Strongly Agree,7,Percieved Ease of Use
2/4/2022 11:44:52,2020,Participant,NFB,Learning_Easy,Strongly Agree,7,Percieved Ease of Use
2/4/2022 11:45:49,Athen,Participant,Cinemaxx,Learning_Easy,Agree,6,Percieved Ease of Use
2/4/2022 11:46:01,Jakob,Participant,NFB,Learning_Easy,Strongly Agree,7,Percieved Ease of Use
2/4/2022 11:47:14,TRS,Participant,Cinemaxx,Learning_Easy,Agree,6,Percieved Ease of Use
2/4/2022 11:47:17,stine,Participant,NFB,Learning_Easy,Agree,6,Percieved Ease of Use
2/4/2022 11:47:18,QWERTY1001,Participant,NFB,Learning_Easy,Agree,6,Percieved Ease of Use
2/4/2022 11:48:00,240696xxxxx,Participant,NFB,Learning_Easy,Strongly Agree,7,Percieved Ease of Use
2/4/2022 11:48:04,anja220,Participant,Cinemaxx,Learning_Easy,Slightly agree,5,Percieved Ease of Use
2/4/2022 11:48:13,AL,Participant,NFB,Learning_Easy,Slightly disagree,3,Percieved Ease of Use
2/4/2022 11:48:26,8888,Participant,NFB,Learning_Easy,Agree,6,Percieved Ease of Use
2/4/2022 11:48:36,2020,Participant,Cinemaxx,Learning_Easy,Strongly Agree,7,Percieved Ease of Use
2/4/2022 11:50:32,anja220,Participant,NFB,Learning_Easy,Strongly Agree,7,Percieved Ease of Use
2/4/2022 11:50:37,Athen,Participant,NFB,Learning_Easy,Neither agree nor disagree,4,Percieved Ease of Use
2/4/2022 11:50:57,gamer,Participant,NFB,Learning_Easy,Agree,6,Percieved Ease of Use
2/4/2022 11:52:05,Melina,Participant,Cinemaxx,Learning_Easy,Strongly Agree,7,Percieved Ease of Use
2/4/2022 11:52:16,Jakob,Participant,Cinemaxx,Learning_Easy,Slightly agree,5,Percieved Ease of Use
2/4/2022 11:52:34,stine,Participant,Cinemaxx,Learning_Easy,Slightly agree,5,Percieved Ease of Use
2/4/2022 11:52:39,KK,Anthropologist,NFB,Learning_Easy,Slightly disagree,3,Percieved Ease of Use
2/4/2022 11:52:58,ACM,Anthropologist,NFB,Learning_Easy,Slightly agree,5,Percieved Ease of Use
2/4/2022 11:54:36,704314,Participant,NFB,Learning_Easy,Agree,6,Percieved Ease of Use
2/4/2022 11:54:37,SK95,Participant,NFB,Learning_Easy,Strongly Agree,7,Percieved Ease of Use
2/4/2022 11:55:29,gHoStFaCeKiLlEr,Anthropologist,Cinemaxx,Learning_Easy,Neither agree nor disagree,4,Percieved Ease of Use
2/4/2022 11:55:32,240696xxxx,Participant,Cinemaxx,Learning_Easy,Strongly Agree,7,Percieved Ease of Use
2/4/2022 11:55:34,8888,Participant,Cinemaxx,Learning_Easy,Agree,6,Percieved Ease of Use
2/4/2022 11:55:43,QWERTY1001,Participant,Cinemaxx,Learning_Easy,Agree,6,Percieved Ease of Use
2/4/2022 11:56:18,gamer,Participant,Cinemaxx,Learning_Easy,Slightly disagree,3,Percieved Ease of Use
2/4/2022 11:56:21,gHoStFaCeKiLlEr,Anthropologist,NFB,Learning_Easy,Disagree,2,Percieved Ease of Use
2/4/2022 11:56:34,Melina,Participant,NFB,Learning_Easy,Agree,6,Percieved Ease of Use
2/4/2022 11:56:43,KK,Anthropologist,Cinemaxx,Learning_Easy,Slightly agree,5,Percieved Ease of Use
2/4/2022 11:56:50,704314,Participant,Cinemaxx,Learning_Easy,Agree,6,Percieved Ease of Use
2/4/2022 11:57:54,ACM,Participant,Cinemaxx,Learning_Easy,Slightly agree,5,Percieved Ease of Use
2/4/2022 11:58:20,SK95,Participant,Cinemaxx,Learning_Easy,Agree,6,Percieved Ease of Use
2/4/2022 12:00:33,Tammy,Anthropologist,Cinemaxx,Learning_Easy,Agree,6,Percieved Ease of Use
2/4/2022 12:01:10,AL,Participant,Cinemaxx,Learning_Easy,Agree,6,Percieved Ease of Use
2/4/2022 12:05:24,cocio91,Anthropologist,NFB,Learning_Easy,Strongly Agree,7,Percieved Ease of Use
2/4/2022 12:06:55,cocio91,Anthropologist,Cinemaxx,Learning_Easy,Agree,6,Percieved Ease of Use
2/4/2022 11:41:17,201805308,Participant,NFB,Do_What_I_Want,Agree,6,Percieved Ease of Use
2/4/2022 11:42:28,TRS,Participant,NFB,Do_What_I_Want,Slightly disagree,3,Percieved Ease of Use
2/4/2022 11:43:10,201805308,Participant,Cinemaxx,Do_What_I_Want,Strongly Agree,7,Percieved Ease of Use
2/4/2022 11:44:52,2020,Participant,NFB,Do_What_I_Want,Slightly agree,5,Percieved Ease of Use
2/4/2022 11:45:49,Athen,Participant,Cinemaxx,Do_What_I_Want,Agree,6,Percieved Ease of Use
2/4/2022 11:46:01,Jakob,Participant,NFB,Do_What_I_Want,Strongly Agree,7,Percieved Ease of Use
2/4/2022 11:47:14,TRS,Participant,Cinemaxx,Do_What_I_Want,Slightly agree,5,Percieved Ease of Use
2/4/2022 11:47:17,stine,Participant,NFB,Do_What_I_Want,Agree,6,Percieved Ease of Use
2/4/2022 11:47:18,QWERTY1001,Participant,NFB,Do_What_I_Want,Slightly agree,5,Percieved Ease of Use
2/4/2022 11:48:00,240696xxxxx,Participant,NFB,Do_What_I_Want,Slightly agree,5,Percieved Ease of Use
2/4/2022 11:48:04,anja220,Participant,Cinemaxx,Do_What_I_Want,Neither agree nor disagree,4,Percieved Ease of Use
2/4/2022 11:48:13,AL,Participant,NFB,Do_What_I_Want,Disagree,2,Percieved Ease of Use
2/4/2022 11:48:26,8888,Participant,NFB,Do_What_I_Want,Agree,6,Percieved Ease of Use
2/4/2022 11:48:36,2020,Participant,Cinemaxx,Do_What_I_Want,Agree,6,Percieved Ease of Use
2/4/2022 11:50:32,anja220,Participant,NFB,Do_What_I_Want,Strongly Agree,7,Percieved Ease of Use
2/4/2022 11:50:37,Athen,Participant,NFB,Do_What_I_Want,Neither agree nor disagree,4,Percieved Ease of Use
2/4/2022 11:50:57,gamer,Participant,NFB,Do_What_I_Want,Agree,6,Percieved Ease of Use
2/4/2022 11:52:05,Melina,Participant,Cinemaxx,Do_What_I_Want,Neither agree nor disagree,4,Percieved Ease of Use
2/4/2022 11:52:16,Jakob,Participant,Cinemaxx,Do_What_I_Want,Neither agree nor disagree,4,Percieved Ease of Use
2/4/2022 11:52:34,stine,Participant,Cinemaxx,Do_What_I_Want,Neither agree nor disagree,4,Percieved Ease of Use
2/4/2022 11:52:39,KK,Anthropologist,NFB,Do_What_I_Want,Slightly disagree,3,Percieved Ease of Use
2/4/2022 11:52:58,ACM,Anthropologist,NFB,Do_What_I_Want,Slightly agree,5,Percieved Ease of Use
2/4/2022 11:54:36,704314,Participant,NFB,Do_What_I_Want,Neither agree nor disagree,4,Percieved Ease of Use
2/4/2022 11:54:37,SK95,Participant,NFB,Do_What_I_Want,Agree,6,Percieved Ease of Use
2/4/2022 11:55:29,gHoStFaCeKiLlEr,Anthropologist,Cinemaxx,Do_What_I_Want,Agree,6,Percieved Ease of Use
2/4/2022 11:55:32,240696xxxx,Participant,Cinemaxx,Do_What_I_Want,Agree,6,Percieved Ease of Use
2/4/2022 11:55:34,8888,Participant,Cinemaxx,Do_What_I_Want,Neither agree nor disagree,4,Percieved Ease of Use
2/4/2022 11:55:43,QWERTY1001,Participant,Cinemaxx,Do_What_I_Want,Strongly Agree,7,Percieved Ease of Use
2/4/2022 11:56:18,gamer,Participant,Cinemaxx,Do_What_I_Want,Disagree,2,Percieved Ease of Use
2/4/2022 11:56:21,gHoStFaCeKiLlEr,Anthropologist,NFB,Do_What_I_Want,Slightly agree,5,Percieved Ease of Use
2/4/2022 11:56:34,Melina,Participant,NFB,Do_What_I_Want,Agree,6,Percieved Ease of Use
2/4/2022 11:56:43,KK,Anthropologist,Cinemaxx,Do_What_I_Want,Slightly agree,5,Percieved Ease of Use
2/4/2022 11:56:50,704314,Participant,Cinemaxx,Do_What_I_Want,Strongly Agree,7,Percieved Ease of Use
2/4/2022 11:57:54,ACM,Participant,Cinemaxx,Do_What_I_Want,Agree,6,Percieved Ease of Use
2/4/2022 11:58:20,SK95,Participant,Cinemaxx,Do_What_I_Want,Agree,6,Percieved Ease of Use
2/4/2022 12:00:33,Tammy,Anthropologist,Cinemaxx,Do_What_I_Want,Agree,6,Percieved Ease of Use
2/4/2022 12:01:10,AL,Participant,Cinemaxx,Do_What_I_Want,Agree,6,Percieved Ease of Use
2/4/2022 12:05:24,cocio91,Anthropologist,NFB,Do_What_I_Want,Agree,6,Percieved Ease of Use
2/4/2022 12:06:55,cocio91,Anthropologist,Cinemaxx,Do_What_I_Want,Strongly Agree,7,Percieved Ease of Use
2/4/2022 11:41:17,201805308,Participant,NFB,Clear_Understandable,Agree,6,Percieved Ease of Use
2/4/2022 11:42:28,TRS,Participant,NFB,Clear_Understandable,Neither agree nor disagree,4,Percieved Ease of Use
2/4/2022 11:43:10,201805308,Participant,Cinemaxx,Clear_Understandable,Agree,6,Percieved Ease of Use
2/4/2022 11:44:52,2020,Participant,NFB,Clear_Understandable,Agree,6,Percieved Ease of Use
2/4/2022 11:45:49,Athen,Participant,Cinemaxx,Clear_Understandable,Agree,6,Percieved Ease of Use
2/4/2022 11:46:01,Jakob,Participant,NFB,Clear_Understandable,Agree,6,Percieved Ease of Use
2/4/2022 11:47:14,TRS,Participant,Cinemaxx,Clear_Understandable,Slightly agree,5,Percieved Ease of Use
2/4/2022 11:47:17,stine,Participant,NFB,Clear_Understandable,Slightly agree,5,Percieved Ease of Use
2/4/2022 11:47:18,QWERTY1001,Participant,NFB,Clear_Understandable,Agree,6,Percieved Ease of Use
2/4/2022 11:48:00,240696xxxxx,Participant,NFB,Clear_Understandable,Slightly agree,5,Percieved Ease of Use
2/4/2022 11:48:04,anja220,Participant,Cinemaxx,Clear_Understandable,Slightly disagree,3,Percieved Ease of Use
2/4/2022 11:48:13,AL,Participant,NFB,Clear_Understandable,Disagree,2,Percieved Ease of Use
2/4/2022 11:48:26,8888,Participant,NFB,Clear_Understandable,Agree,6,Percieved Ease of Use
2/4/2022 11:48:36,2020,Participant,Cinemaxx,Clear_Understandable,Strongly Agree,7,Percieved Ease of Use
2/4/2022 11:50:32,anja220,Participant,NFB,Clear_Understandable,Strongly Agree,7,Percieved Ease of Use
2/4/2022 11:50:37,Athen,Participant,NFB,Clear_Understandable,Slightly disagree,3,Percieved Ease of Use
2/4/2022 11:50:57,gamer,Participant,NFB,Clear_Understandable,Agree,6,Percieved Ease of Use
2/4/2022 11:52:05,Melina,Participant,Cinemaxx,Clear_Understandable,Slightly agree,5,Percieved Ease of Use
2/4/2022 11:52:16,Jakob,Participant,Cinemaxx,Clear_Understandable,Neither agree nor disagree,4,Percieved Ease of Use
2/4/2022 11:52:34,stine,Participant,Cinemaxx,Clear_Understandable,Slightly agree,5,Percieved Ease of Use
2/4/2022 11:52:39,KK,Anthropologist,NFB,Clear_Understandable,Slightly disagree,3,Percieved Ease of Use
2/4/2022 11:52:58,ACM,Anthropologist,NFB,Clear_Understandable,Neither agree nor disagree,4,Percieved Ease of Use
2/4/2022 11:54:36,704314,Participant,NFB,Clear_Understandable,Slightly disagree,3,Percieved Ease of Use
2/4/2022 11:54:37,SK95,Participant,NFB,Clear_Understandable,Agree,6,Percieved Ease of Use
2/4/2022 11:55:29,gHoStFaCeKiLlEr,Anthropologist,Cinemaxx,Clear_Understandable,Disagree,2,Percieved Ease of Use
2/4/2022 11:55:32,240696xxxx,Participant,Cinemaxx,Clear_Understandable,Slightly agree,5,Percieved Ease of Use
2/4/2022 11:55:34,8888,Participant,Cinemaxx,Clear_Understandable,Slightly agree,5,Percieved Ease of Use
2/4/2022 11:55:43,QWERTY1001,Participant,Cinemaxx,Clear_Understandable,Agree,6,Percieved Ease of Use
2/4/2022 11:56:18,gamer,Participant,Cinemaxx,Clear_Understandable,Disagree,2,Percieved Ease of Use
2/4/2022 11:56:21,gHoStFaCeKiLlEr,Anthropologist,NFB,Clear_Understandable,Slightly disagree,3,Percieved Ease of Use
2/4/2022 11:56:34,Melina,Participant,NFB,Clear_Understandable,Agree,6,Percieved Ease of Use
2/4/2022 11:56:43,KK,Anthropologist,Cinemaxx,Clear_Understandable,Slightly agree,5,Percieved Ease of Use
2/4/2022 11:56:50,704314,Participant,Cinemaxx,Clear_Understandable,Agree,6,Percieved Ease of Use
2/4/2022 11:57:54,ACM,Participant,Cinemaxx,Clear_Understandable,Slightly agree,5,Percieved Ease of Use
2/4/2022 11:58:20,SK95,Participant,Cinemaxx,Clear_Understandable,Agree,6,Percieved Ease of Use
2/4/2022 12:00:33,Tammy,Anthropologist,Cinemaxx,Clear_Understandable,Agree,6,Percieved Ease of Use
2/4/2022 12:01:10,AL,Participant,Cinemaxx,Clear_Understandable,Agree,6,Percieved Ease of Use
2/4/2022 12:05:24,cocio91,Anthropologist,NFB,Clear_Understandable,Agree,6,Percieved Ease of Use
2/4/2022 12:06:55,cocio91,Anthropologist,Cinemaxx,Clear_Understandable,Agree,6,Percieved Ease of Use
2/4/2022 11:41:17,201805308,Participant,NFB,Flexible,Agree,6,Percieved Ease of Use
2/4/2022 11:42:28,TRS,Participant,NFB,Flexible,Slightly agree,5,Percieved Ease of Use
2/4/2022 11:43:10,201805308,Participant,Cinemaxx,Flexible,Agree,6,Percieved Ease of Use
2/4/2022 11:44:52,2020,Participant,NFB,Flexible,Slightly disagree,3,Percieved Ease of Use
2/4/2022 11:45:49,Athen,Participant,Cinemaxx,Flexible,Strongly Agree,7,Percieved Ease of Use
2/4/2022 11:46:01,Jakob,Participant,NFB,Flexible,Agree,6,Percieved Ease of Use
2/4/2022 11:47:14,TRS,Participant,Cinemaxx,Flexible,Slightly agree,5,Percieved Ease of Use
2/4/2022 11:47:17,stine,Participant,NFB,Flexible,Neither agree nor disagree,4,Percieved Ease of Use
2/4/2022 11:47:18,QWERTY1001,Participant,NFB,Flexible,Slightly agree,5,Percieved Ease of Use
2/4/2022 11:48:00,240696xxxxx,Participant,NFB,Flexible,Slightly disagree,3,Percieved Ease of Use
2/4/2022 11:48:04,anja220,Participant,Cinemaxx,Flexible,Slightly disagree,3,Percieved Ease of Use
2/4/2022 11:48:13,AL,Participant,NFB,Flexible,Slightly disagree,3,Percieved Ease of Use
2/4/2022 11:48:26,8888,Participant,NFB,Flexible,Agree,6,Percieved Ease of Use
2/4/2022 11:48:36,2020,Participant,Cinemaxx,Flexible,Neither agree nor disagree,4,Percieved Ease of Use
2/4/2022 11:50:32,anja220,Participant,NFB,Flexible,Agree,6,Percieved Ease of Use
2/4/2022 11:50:37,Athen,Participant,NFB,Flexible,Slightly disagree,3,Percieved Ease of Use
2/4/2022 11:50:57,gamer,Participant,NFB,Flexible,Agree,6,Percieved Ease of Use
2/4/2022 11:52:05,Melina,Participant,Cinemaxx,Flexible,Agree,6,Percieved Ease of Use
2/4/2022 11:52:16,Jakob,Participant,Cinemaxx,Flexible,Slightly agree,5,Percieved Ease of Use
2/4/2022 11:52:34,stine,Participant,Cinemaxx,Flexible,Neither agree nor disagree,4,Percieved Ease of Use
2/4/2022 11:52:39,KK,Anthropologist,NFB,Flexible,Slightly disagree,3,Percieved Ease of Use
2/4/2022 11:52:58,ACM,Anthropologist,NFB,Flexible,Neither agree nor disagree,4,Percieved Ease of Use
2/4/2022 11:54:36,704314,Participant,NFB,Flexible,Slightly agree,5,Percieved Ease of Use
2/4/2022 11:54:37,SK95,Participant,NFB,Flexible,Agree,6,Percieved Ease of Use
2/4/2022 11:55:29,gHoStFaCeKiLlEr,Anthropologist,Cinemaxx,Flexible,Neither agree nor disagree,4,Percieved Ease of Use
2/4/2022 11:55:32,240696xxxx,Participant,Cinemaxx,Flexible,Neither agree nor disagree,4,Percieved Ease of Use
2/4/2022 11:55:34,8888,Participant,Cinemaxx,Flexible,Agree,6,Percieved Ease of Use
2/4/2022 11:55:43,QWERTY1001,Participant,Cinemaxx,Flexible,Slightly agree,5,Percieved Ease of Use
2/4/2022 11:56:18,gamer,Participant,Cinemaxx,Flexible,Disagree,2,Percieved Ease of Use
2/4/2022 11:56:21,gHoStFaCeKiLlEr,Anthropologist,NFB,Flexible,Slightly disagree,3,Percieved Ease of Use
2/4/2022 11:56:34,Melina,Participant,NFB,Flexible,Agree,6,Percieved Ease of Use
2/4/2022 11:56:43,KK,Anthropologist,Cinemaxx,Flexible,Slightly agree,5,Percieved Ease of Use
2/4/2022 11:56:50,704314,Participant,Cinemaxx,Flexible,Strongly Agree,7,Percieved Ease of Use
2/4/2022 11:57:54,ACM,Participant,Cinemaxx,Flexible,Slightly agree,5,Percieved Ease of Use
2/4/2022 11:58:20,SK95,Participant,Cinemaxx,Flexible,Agree,6,Percieved Ease of Use
2/4/2022 12:00:33,Tammy,Anthropologist,Cinemaxx,Flexible,Agree,6,Percieved Ease of Use
2/4/2022 12:01:10,AL,Participant,Cinemaxx,Flexible,Agree,6,Percieved Ease of Use
2/4/2022 12:05:24,cocio91,Anthropologist,NFB,Flexible,Agree,6,Percieved Ease of Use
2/4/2022 12:06:55,cocio91,Anthropologist,Cinemaxx,Flexible,Agree,6,Percieved Ease of Use
2/4/2022 11:41:17,201805308,Participant,NFB,Skilful,Agree,6,Percieved Ease of Use
2/4/2022 11:42:28,TRS,Participant,NFB,Skilful,Neither agree nor disagree,4,Percieved Ease of Use
2/4/2022 11:43:10,201805308,Participant,Cinemaxx,Skilful,Strongly Agree,7,Percieved Ease of Use
2/4/2022 11:44:52,2020,Participant,NFB,Skilful,Strongly Agree,7,Percieved Ease of Use
2/4/2022 11:45:49,Athen,Participant,Cinemaxx,Skilful,Agree,6,Percieved Ease of Use
2/4/2022 11:46:01,Jakob,Participant,NFB,Skilful,Strongly Agree,7,Percieved Ease of Use
2/4/2022 11:47:14,TRS,Participant,Cinemaxx,Skilful,Neither agree nor disagree,4,Percieved Ease of Use
2/4/2022 11:47:17,stine,Participant,NFB,Skilful,Slightly agree,5,Percieved Ease of Use
2/4/2022 11:47:18,QWERTY1001,Participant,NFB,Skilful,Strongly Agree,7,Percieved Ease of Use
2/4/2022 11:48:00,240696xxxxx,Participant,NFB,Skilful,Strongly Agree,7,Percieved Ease of Use
2/4/2022 11:48:04,anja220,Participant,Cinemaxx,Skilful,Slightly agree,5,Percieved Ease of Use
2/4/2022 11:48:13,AL,Participant,NFB,Skilful,Neither agree nor disagree,4,Percieved Ease of Use
2/4/2022 11:48:26,8888,Participant,NFB,Skilful,Agree,6,Percieved Ease of Use
2/4/2022 11:48:36,2020,Participant,Cinemaxx,Skilful,Strongly Agree,7,Percieved Ease of Use
2/4/2022 11:50:32,anja220,Participant,NFB,Skilful,Strongly Agree,7,Percieved Ease of Use
2/4/2022 11:50:37,Athen,Participant,NFB,Skilful,Agree,6,Percieved Ease of Use
2/4/2022 11:50:57,gamer,Participant,NFB,Skilful,Agree,6,Percieved Ease of Use
2/4/2022 11:52:05,Melina,Participant,Cinemaxx,Skilful,Strongly Agree,7,Percieved Ease of Use
2/4/2022 11:52:16,Jakob,Participant,Cinemaxx,Skilful,Neither agree nor disagree,4,Percieved Ease of Use
2/4/2022 11:52:34,stine,Participant,Cinemaxx,Skilful,Slightly agree,5,Percieved Ease of Use
2/4/2022 11:52:39,KK,Anthropologist,NFB,Skilful,Slightly disagree,3,Percieved Ease of Use
2/4/2022 11:52:58,ACM,Anthropologist,NFB,Skilful,Neither agree nor disagree,4,Percieved Ease of Use
2/4/2022 11:54:36,704314,Participant,NFB,Skilful,Strongly Agree,7,Percieved Ease of Use
2/4/2022 11:54:37,SK95,Participant,NFB,Skilful,Strongly Agree,7,Percieved Ease of Use
2/4/2022 11:55:29,gHoStFaCeKiLlEr,Anthropologist,Cinemaxx,Skilful,Disagree,2,Percieved Ease of Use
2/4/2022 11:55:32,240696xxxx,Participant,Cinemaxx,Skilful,Strongly Agree,7,Percieved Ease of Use
2/4/2022 11:55:34,8888,Participant,Cinemaxx,Skilful,Slightly agree,5,Percieved Ease of Use
2/4/2022 11:55:43,QWERTY1001,Participant,Cinemaxx,Skilful,Strongly Agree,7,Percieved Ease of Use
2/4/2022 11:56:18,gamer,Participant,Cinemaxx,Skilful,Disagree,2,Percieved Ease of Use
2/4/2022 11:56:21,gHoStFaCeKiLlEr,Anthropologist,NFB,Skilful,Slightly agree,5,Percieved Ease of Use
2/4/2022 11:56:34,Melina,Participant,NFB,Skilful,Agree,6,Percieved Ease of Use
2/4/2022 11:56:43,KK,Anthropologist,Cinemaxx,Skilful,Slightly agree,5,Percieved Ease of Use
2/4/2022 11:56:50,704314,Participant,Cinemaxx,Skilful,Strongly Agree,7,Percieved Ease of Use
2/4/2022 11:57:54,ACM,Participant,Cinemaxx,Skilful,Slightly agree,5,Percieved Ease of Use
2/4/2022 11:58:20,SK95,Participant,Cinemaxx,Skilful,Agree,6,Percieved Ease of Use
2/4/2022 12:00:33,Tammy,Anthropologist,Cinemaxx,Skilful,Neither agree nor disagree,4,Percieved Ease of Use
2/4/2022 12:01:10,AL,Participant,Cinemaxx,Skilful,Slightly agree,5,Percieved Ease of Use
2/4/2022 12:05:24,cocio91,Anthropologist,NFB,Skilful,Agree,6,Percieved Ease of Use
2/4/2022 12:06:55,cocio91,Anthropologist,Cinemaxx,Skilful,Agree,6,Percieved Ease of Use
2/4/2022 11:41:17,201805308,Participant,NFB,Easy_To_Use,Agree,6,Percieved Ease of Use
2/4/2022 11:42:28,TRS,Participant,NFB,Easy_To_Use,Slightly disagree,3,Percieved Ease of Use
2/4/2022 11:43:10,201805308,Participant,Cinemaxx,Easy_To_Use,Strongly Agree,7,Percieved Ease of Use
2/4/2022 11:44:52,2020,Participant,NFB,Easy_To_Use,Agree,6,Percieved Ease of Use
2/4/2022 11:45:49,Athen,Participant,Cinemaxx,Easy_To_Use,Agree,6,Percieved Ease of Use
2/4/2022 11:46:01,Jakob,Participant,NFB,Easy_To_Use,Strongly Agree,7,Percieved Ease of Use
2/4/2022 11:47:14,TRS,Participant,Cinemaxx,Easy_To_Use,Slightly agree,5,Percieved Ease of Use
2/4/2022 11:47:17,stine,Participant,NFB,Easy_To_Use,Agree,6,Percieved Ease of Use
2/4/2022 11:47:18,QWERTY1001,Participant,NFB,Easy_To_Use,Agree,6,Percieved Ease of Use
2/4/2022 11:48:00,240696xxxxx,Participant,NFB,Easy_To_Use,Neither agree nor disagree,4,Percieved Ease of Use
2/4/2022 11:48:04,anja220,Participant,Cinemaxx,Easy_To_Use,Slightly agree,5,Percieved Ease of Use
2/4/2022 11:48:13,AL,Participant,NFB,Easy_To_Use,Slightly disagree,3,Percieved Ease of Use
2/4/2022 11:48:26,8888,Participant,NFB,Easy_To_Use,Strongly Agree,7,Percieved Ease of Use
2/4/2022 11:48:36,2020,Participant,Cinemaxx,Easy_To_Use,Agree,6,Percieved Ease of Use
2/4/2022 11:50:32,anja220,Participant,NFB,Easy_To_Use,Strongly Agree,7,Percieved Ease of Use
2/4/2022 11:50:37,Athen,Participant,NFB,Easy_To_Use,Slightly disagree,3,Percieved Ease of Use
2/4/2022 11:50:57,gamer,Participant,NFB,Easy_To_Use,Agree,6,Percieved Ease of Use
2/4/2022 11:52:05,Melina,Participant,Cinemaxx,Easy_To_Use,Strongly Agree,7,Percieved Ease of Use
2/4/2022 11:52:16,Jakob,Participant,Cinemaxx,Easy_To_Use,Slightly agree,5,Percieved Ease of Use
2/4/2022 11:52:34,stine,Participant,Cinemaxx,Easy_To_Use,Neither agree nor disagree,4,Percieved Ease of Use
2/4/2022 11:52:39,KK,Anthropologist,NFB,Easy_To_Use,Slightly disagree,3,Percieved Ease of Use
2/4/2022 11:52:58,ACM,Anthropologist,NFB,Easy_To_Use,Slightly agree,5,Percieved Ease of Use
2/4/2022 11:54:36,704314,Participant,NFB,Easy_To_Use,Agree,6,Percieved Ease of Use
2/4/2022 11:54:37,SK95,Participant,NFB,Easy_To_Use,Agree,6,Percieved Ease of Use
2/4/2022 11:55:29,gHoStFaCeKiLlEr,Anthropologist,Cinemaxx,Easy_To_Use,Slightly agree,5,Percieved Ease of Use
2/4/2022 11:55:32,240696xxxx,Participant,Cinemaxx,Easy_To_Use,Slightly agree,5,Percieved Ease of Use
2/4/2022 11:55:34,8888,Participant,Cinemaxx,Easy_To_Use,Agree,6,Percieved Ease of Use
2/4/2022 11:55:43,QWERTY1001,Participant,Cinemaxx,Easy_To_Use,Agree,6,Percieved Ease of Use
2/4/2022 11:56:18,gamer,Participant,Cinemaxx,Easy_To_Use,Disagree,2,Percieved Ease of Use
2/4/2022 11:56:21,gHoStFaCeKiLlEr,Anthropologist,NFB,Easy_To_Use,Slightly agree,5,Percieved Ease of Use
2/4/2022 11:56:34,Melina,Participant,NFB,Easy_To_Use,Agree,6,Percieved Ease of Use
2/4/2022 11:56:43,KK,Anthropologist,Cinemaxx,Easy_To_Use,Slightly disagree,3,Percieved Ease of Use
2/4/2022 11:56:50,704314,Participant,Cinemaxx,Easy_To_Use,Strongly Agree,7,Percieved Ease of Use
2/4/2022 11:57:54,ACM,Participant,Cinemaxx,Easy_To_Use,Agree,6,Percieved Ease of Use
2/4/2022 11:58:20,SK95,Participant,Cinemaxx,Easy_To_Use,Agree,6,Percieved Ease of Use
2/4/2022 12:00:33,Tammy,Anthropologist,Cinemaxx,Easy_To_Use,Agree,6,Percieved Ease of Use
2/4/2022 12:01:10,AL,Participant,Cinemaxx,Easy_To_Use,Neither agree nor disagree,4,Percieved Ease of Use
2/4/2022 12:05:24,cocio91,Anthropologist,NFB,Easy_To_Use,Agree,6,Percieved Ease of Use
2/4/2022 12:06:55,cocio91,Anthropologist,Cinemaxx,Easy_To_Use,Agree,6,Percieved Ease of Use
2/4/2022 11:41:17,201805308,Participant,NFB,Frequently,Strongly disagree,1,User Acceptance
2/4/2022 11:42:28,TRS,Participant,NFB,Frequently,Strongly disagree,1,User Acceptance
2/4/2022 11:43:10,201805308,Participant,Cinemaxx,Frequently,Strongly disagree,1,User Acceptance
2/4/2022 11:44:52,2020,Participant,NFB,Frequently,Strongly disagree,1,User Acceptance
2/4/2022 11:45:49,Athen,Participant,Cinemaxx,Frequently,Strongly disagree,1,User Acceptance
2/4/2022 11:46:01,Jakob,Participant,NFB,Frequently,Strongly disagree,1,User Acceptance
2/4/2022 11:47:14,TRS,Participant,Cinemaxx,Frequently,Agree,6,User Acceptance
2/4/2022 11:47:17,stine,Participant,NFB,Frequently,Strongly disagree,1,User Acceptance
2/4/2022 11:47:18,QWERTY1001,Participant,NFB,Frequently,Strongly disagree,1,User Acceptance
2/4/2022 11:48:00,240696xxxxx,Participant,NFB,Frequently,Strongly disagree,1,User Acceptance
2/4/2022 11:48:04,anja220,Participant,Cinemaxx,Frequently,Strongly disagree,1,User Acceptance
2/4/2022 11:48:13,AL,Participant,NFB,Frequently,Neither agree nor disagree,4,User Acceptance
2/4/2022 11:48:26,8888,Participant,NFB,Frequently,Strongly disagree,1,User Acceptance
2/4/2022 11:48:36,2020,Participant,Cinemaxx,Frequently,Strongly disagree,1,User Acceptance
2/4/2022 11:50:32,anja220,Participant,NFB,Frequently,Disagree,2,User Acceptance
2/4/2022 11:50:37,Athen,Participant,NFB,Frequently,Strongly disagree,1,User Acceptance
2/4/2022 11:50:57,gamer,Participant,NFB,Frequently,Strongly disagree,1,User Acceptance
2/4/2022 11:52:05,Melina,Participant,Cinemaxx,Frequently,Strongly disagree,1,User Acceptance
2/4/2022 11:52:16,Jakob,Participant,Cinemaxx,Frequently,Strongly disagree,1,User Acceptance
2/4/2022 11:52:34,stine,Participant,Cinemaxx,Frequently,Strongly disagree,1,User Acceptance
2/4/2022 11:52:39,KK,Anthropologist,NFB,Frequently,Strongly disagree,1,User Acceptance
2/4/2022 11:52:58,ACM,Anthropologist,NFB,Frequently,Strongly disagree,1,User Acceptance
2/4/2022 11:54:36,704314,Participant,NFB,Frequently,Strongly disagree,1,User Acceptance
2/4/2022 11:54:37,SK95,Participant,NFB,Frequently,Disagree,2,User Acceptance
2/4/2022 11:55:29,gHoStFaCeKiLlEr,Anthropologist,Cinemaxx,Frequently,Disagree,2,User Acceptance
2/4/2022 11:55:32,240696xxxx,Participant,Cinemaxx,Frequently,Disagree,2,User Acceptance
2/4/2022 11:55:34,8888,Participant,Cinemaxx,Frequently,Strongly disagree,1,User Acceptance
2/4/2022 11:55:43,QWERTY1001,Participant,Cinemaxx,Frequently,Strongly disagree,1,User Acceptance
2/4/2022 11:56:18,gamer,Participant,Cinemaxx,Frequently,Strongly disagree,1,User Acceptance
2/4/2022 11:56:21,gHoStFaCeKiLlEr,Anthropologist,NFB,Frequently,Disagree,2,User Acceptance
2/4/2022 11:56:34,Melina,Participant,NFB,Frequently,Strongly disagree,1,User Acceptance
2/4/2022 11:56:43,KK,Anthropologist,Cinemaxx,Frequently,Strongly disagree,1,User Acceptance
2/4/2022 11:56:50,704314,Participant,Cinemaxx,Frequently,Strongly disagree,1,User Acceptance
2/4/2022 11:57:54,ACM,Participant,Cinemaxx,Frequently,Strongly disagree,1,User Acceptance
2/4/2022 11:58:20,SK95,Participant,Cinemaxx,Frequently,Disagree,2,User Acceptance
2/4/2022 12:00:33,Tammy,Anthropologist,Cinemaxx,Frequently,Disagree,2,User Acceptance
2/4/2022 12:01:10,AL,Participant,Cinemaxx,Frequently,Disagree,2,User Acceptance
2/4/2022 12:05:24,cocio91,Anthropologist,NFB,Frequently,Strongly disagree,1,User Acceptance
2/4/2022 12:06:55,cocio91,Anthropologist,Cinemaxx,Frequently,Disagree,2,User Acceptance
2/4/2022 11:41:17,201805308,Participant,NFB,Variety_Of_Purposes,Disagree,2,User Acceptance
2/4/2022 11:42:28,TRS,Participant,NFB,Variety_Of_Purposes,Strongly disagree,1,User Acceptance
2/4/2022 11:43:10,201805308,Participant,Cinemaxx,Variety_Of_Purposes,Disagree,2,User Acceptance
2/4/2022 11:44:52,2020,Participant,NFB,Variety_Of_Purposes,Disagree,2,User Acceptance
2/4/2022 11:45:49,Athen,Participant,Cinemaxx,Variety_Of_Purposes,Strongly disagree,1,User Acceptance
2/4/2022 11:46:01,Jakob,Participant,NFB,Variety_Of_Purposes,Strongly disagree,1,User Acceptance
2/4/2022 11:47:14,TRS,Participant,Cinemaxx,Variety_Of_Purposes,Strongly disagree,1,User Acceptance
2/4/2022 11:47:17,stine,Participant,NFB,Variety_Of_Purposes,Strongly disagree,1,User Acceptance
2/4/2022 11:47:18,QWERTY1001,Participant,NFB,Variety_Of_Purposes,Strongly disagree,1,User Acceptance
2/4/2022 11:48:00,240696xxxxx,Participant,NFB,Variety_Of_Purposes,Strongly disagree,1,User Acceptance
2/4/2022 11:48:04,anja220,Participant,Cinemaxx,Variety_Of_Purposes,Strongly disagree,1,User Acceptance
2/4/2022 11:48:13,AL,Participant,NFB,Variety_Of_Purposes,Slightly agree,5,User Acceptance
2/4/2022 11:48:26,8888,Participant,NFB,Variety_Of_Purposes,Strongly disagree,1,User Acceptance
2/4/2022 11:48:36,2020,Participant,Cinemaxx,Variety_Of_Purposes,Disagree,2,User Acceptance
2/4/2022 11:50:32,anja220,Participant,NFB,Variety_Of_Purposes,Strongly disagree,1,User Acceptance
2/4/2022 11:50:37,Athen,Participant,NFB,Variety_Of_Purposes,Strongly disagree,1,User Acceptance
2/4/2022 11:50:57,gamer,Participant,NFB,Variety_Of_Purposes,Strongly disagree,1,User Acceptance
2/4/2022 11:52:05,Melina,Participant,Cinemaxx,Variety_Of_Purposes,Strongly disagree,1,User Acceptance
2/4/2022 11:52:16,Jakob,Participant,Cinemaxx,Variety_Of_Purposes,Strongly disagree,1,User Acceptance
2/4/2022 11:52:34,stine,Participant,Cinemaxx,Variety_Of_Purposes,Strongly disagree,1,User Acceptance
2/4/2022 11:52:39,KK,Anthropologist,NFB,Variety_Of_Purposes,Strongly disagree,1,User Acceptance
2/4/2022 11:52:58,ACM,Anthropologist,NFB,Variety_Of_Purposes,Strongly disagree,1,User Acceptance
2/4/2022 11:54:36,704314,Participant,NFB,Variety_Of_Purposes,Strongly disagree,1,User Acceptance
2/4/2022 11:54:37,SK95,Participant,NFB,Variety_Of_Purposes,Disagree,2,User Acceptance
2/4/2022 11:55:29,gHoStFaCeKiLlEr,Anthropologist,Cinemaxx,Variety_Of_Purposes,Strongly disagree,1,User Acceptance
2/4/2022 11:55:32,240696xxxx,Participant,Cinemaxx,Variety_Of_Purposes,Strongly disagree,1,User Acceptance
2/4/2022 11:55:34,8888,Participant,Cinemaxx,Variety_Of_Purposes,Strongly disagree,1,User Acceptance
2/4/2022 11:55:43,QWERTY1001,Participant,Cinemaxx,Variety_Of_Purposes,Strongly disagree,1,User Acceptance
2/4/2022 11:56:18,gamer,Participant,Cinemaxx,Variety_Of_Purposes,Strongly disagree,1,User Acceptance
2/4/2022 11:56:21,gHoStFaCeKiLlEr,Anthropologist,NFB,Variety_Of_Purposes,Strongly disagree,1,User Acceptance
2/4/2022 11:56:34,Melina,Participant,NFB,Variety_Of_Purposes,Strongly disagree,1,User Acceptance
2/4/2022 11:56:43,KK,Anthropologist,Cinemaxx,Variety_Of_Purposes,Strongly disagree,1,User Acceptance
2/4/2022 11:56:50,704314,Participant,Cinemaxx,Variety_Of_Purposes,Strongly disagree,1,User Acceptance
2/4/2022 11:57:54,ACM,Participant,Cinemaxx,Variety_Of_Purposes,Strongly disagree,1,User Acceptance
2/4/2022 11:58:20,SK95,Participant,Cinemaxx,Variety_Of_Purposes,Disagree,2,User Acceptance
2/4/2022 12:00:33,Tammy,Anthropologist,Cinemaxx,Variety_Of_Purposes,Disagree,2,User Acceptance
2/4/2022 12:01:10,AL,Participant,Cinemaxx,Variety_Of_Purposes,Disagree,2,User Acceptance
2/4/2022 12:05:24,cocio91,Anthropologist,NFB,Variety_Of_Purposes,Strongly disagree,1,User Acceptance
2/4/2022 12:06:55,cocio91,Anthropologist,Cinemaxx,Variety_Of_Purposes,Disagree,2,User Acceptance
