"Self_agent","Self","Other_agent","Other","trial","Feedback_Self","agent","staybias","leavebias","win","lose","SelfPrev"
"wsls_agent",1,"random_agent",1,1,1,1,0.5,0.5,NA,NA,NA
"wsls_agent",1,"random_agent",1,2,1,1,0.5,0.5,1,0,1
"wsls_agent",1,"random_agent",1,3,1,1,0.5,0.5,1,0,1
"wsls_agent",1,"random_agent",0,4,0,1,0.5,0.5,1,0,1
"wsls_agent",0,"random_agent",1,5,0,1,0.5,0.5,0,-1,1
"wsls_agent",1,"random_agent",0,6,0,1,0.5,0.5,0,1,0
"wsls_agent",0,"random_agent",0,7,1,1,0.5,0.5,0,-1,1
"wsls_agent",0,"random_agent",1,8,0,1,0.5,0.5,-1,0,0
"wsls_agent",1,"random_agent",0,9,0,1,0.5,0.5,0,1,0
"wsls_agent",0,"random_agent",1,10,0,1,0.5,0.5,0,-1,1
"wsls_agent",1,"random_agent",1,11,1,1,0.5,0.5,0,1,0
"wsls_agent",0,"random_agent",1,12,0,1,0.5,0.5,1,0,1
"wsls_agent",1,"random_agent",1,13,1,1,0.5,0.5,0,1,0
"wsls_agent",1,"random_agent",1,14,1,1,0.5,0.5,1,0,1
"wsls_agent",1,"random_agent",1,15,1,1,0.5,0.5,1,0,1
"wsls_agent",1,"random_agent",1,16,1,1,0.5,0.5,1,0,1
"wsls_agent",1,"random_agent",1,17,1,1,0.5,0.5,1,0,1
"wsls_agent",1,"random_agent",0,18,0,1,0.5,0.5,1,0,1
"wsls_agent",0,"random_agent",0,19,1,1,0.5,0.5,0,-1,1
"wsls_agent",0,"random_agent",1,20,0,1,0.5,0.5,-1,0,0
"wsls_agent",1,"random_agent",0,21,0,1,0.5,0.5,0,1,0
"wsls_agent",1,"random_agent",0,22,0,1,0.5,0.5,0,-1,1
"wsls_agent",1,"random_agent",1,23,1,1,0.5,0.5,0,-1,1
"wsls_agent",1,"random_agent",0,24,0,1,0.5,0.5,1,0,1
"wsls_agent",1,"random_agent",0,25,0,1,0.5,0.5,0,-1,1
"wsls_agent",1,"random_agent",0,26,0,1,0.5,0.5,0,-1,1
"wsls_agent",0,"random_agent",1,27,0,1,0.5,0.5,0,-1,1
"wsls_agent",1,"random_agent",1,28,1,1,0.5,0.5,0,1,0
"wsls_agent",1,"random_agent",1,29,1,1,0.5,0.5,1,0,1
"wsls_agent",1,"random_agent",1,30,1,1,0.5,0.5,1,0,1
"wsls_agent",1,"random_agent",1,31,1,1,0.5,0.5,1,0,1
"wsls_agent",1,"random_agent",0,32,0,1,0.5,0.5,1,0,1
"wsls_agent",0,"random_agent",0,33,1,1,0.5,0.5,0,-1,1
"wsls_agent",0,"random_agent",0,34,1,1,0.5,0.5,-1,0,0
"wsls_agent",0,"random_agent",0,35,1,1,0.5,0.5,-1,0,0
"wsls_agent",0,"random_agent",0,36,1,1,0.5,0.5,-1,0,0
"wsls_agent",0,"random_agent",0,37,1,1,0.5,0.5,-1,0,0
"wsls_agent",1,"random_agent",1,38,1,1,0.5,0.5,-1,0,0
"wsls_agent",1,"random_agent",1,39,1,1,0.5,0.5,1,0,1
"wsls_agent",1,"random_agent",1,40,1,1,0.5,0.5,1,0,1
"wsls_agent",0,"random_agent",1,41,0,1,0.5,0.5,1,0,1
"wsls_agent",0,"random_agent",0,42,1,1,0.5,0.5,0,1,0
"wsls_agent",0,"random_agent",0,43,1,1,0.5,0.5,-1,0,0
"wsls_agent",0,"random_agent",0,44,1,1,0.5,0.5,-1,0,0
"wsls_agent",0,"random_agent",1,45,0,1,0.5,0.5,-1,0,0
"wsls_agent",0,"random_agent",0,46,1,1,0.5,0.5,0,1,0
"wsls_agent",0,"random_agent",1,47,0,1,0.5,0.5,-1,0,0
"wsls_agent",1,"random_agent",0,48,0,1,0.5,0.5,0,1,0
"wsls_agent",0,"random_agent",0,49,1,1,0.5,0.5,0,-1,1
"wsls_agent",0,"random_agent",0,50,1,1,0.5,0.5,-1,0,0
"wsls_agent",0,"random_agent",0,51,1,1,0.5,0.5,-1,0,0
"wsls_agent",1,"random_agent",0,52,0,1,0.5,0.5,-1,0,0
"wsls_agent",0,"random_agent",1,53,0,1,0.5,0.5,0,-1,1
"wsls_agent",1,"random_agent",0,54,0,1,0.5,0.5,0,1,0
"wsls_agent",0,"random_agent",0,55,1,1,0.5,0.5,0,-1,1
"wsls_agent",0,"random_agent",1,56,0,1,0.5,0.5,-1,0,0
"wsls_agent",1,"random_agent",1,57,1,1,0.5,0.5,0,1,0
"wsls_agent",1,"random_agent",1,58,1,1,0.5,0.5,1,0,1
"wsls_agent",0,"random_agent",0,59,1,1,0.5,0.5,1,0,1
"wsls_agent",0,"random_agent",0,60,1,1,0.5,0.5,-1,0,0
"wsls_agent",1,"random_agent",0,61,0,1,0.5,0.5,-1,0,0
"wsls_agent",0,"random_agent",1,62,0,1,0.5,0.5,0,-1,1
"wsls_agent",1,"random_agent",1,63,1,1,0.5,0.5,0,1,0
"wsls_agent",0,"random_agent",0,64,1,1,0.5,0.5,1,0,1
"wsls_agent",0,"random_agent",1,65,0,1,0.5,0.5,-1,0,0
"wsls_agent",0,"random_agent",1,66,0,1,0.5,0.5,0,1,0
"wsls_agent",1,"random_agent",0,67,0,1,0.5,0.5,0,1,0
"wsls_agent",0,"random_agent",0,68,1,1,0.5,0.5,0,-1,1
"wsls_agent",0,"random_agent",0,69,1,1,0.5,0.5,-1,0,0
"wsls_agent",0,"random_agent",0,70,1,1,0.5,0.5,-1,0,0
"wsls_agent",1,"random_agent",1,71,1,1,0.5,0.5,-1,0,0
"wsls_agent",1,"random_agent",0,72,0,1,0.5,0.5,1,0,1
"wsls_agent",0,"random_agent",1,73,0,1,0.5,0.5,0,-1,1
"wsls_agent",1,"random_agent",0,74,0,1,0.5,0.5,0,1,0
"wsls_agent",0,"random_agent",1,75,0,1,0.5,0.5,0,-1,1
"wsls_agent",1,"random_agent",0,76,0,1,0.5,0.5,0,1,0
"wsls_agent",1,"random_agent",1,77,1,1,0.5,0.5,0,-1,1
"wsls_agent",1,"random_agent",0,78,0,1,0.5,0.5,1,0,1
"wsls_agent",1,"random_agent",0,79,0,1,0.5,0.5,0,-1,1
"wsls_agent",1,"random_agent",0,80,0,1,0.5,0.5,0,-1,1
"wsls_agent",0,"random_agent",1,81,0,1,0.5,0.5,0,-1,1
"wsls_agent",1,"random_agent",0,82,0,1,0.5,0.5,0,1,0
"wsls_agent",0,"random_agent",1,83,0,1,0.5,0.5,0,-1,1
"wsls_agent",0,"random_agent",1,84,0,1,0.5,0.5,0,1,0
"wsls_agent",1,"random_agent",0,85,0,1,0.5,0.5,0,1,0
"wsls_agent",0,"random_agent",0,86,1,1,0.5,0.5,0,-1,1
"wsls_agent",0,"random_agent",1,87,0,1,0.5,0.5,-1,0,0
"wsls_agent",1,"random_agent",1,88,1,1,0.5,0.5,0,1,0
"wsls_agent",0,"random_agent",0,89,1,1,0.5,0.5,1,0,1
"wsls_agent",1,"random_agent",1,90,1,1,0.5,0.5,-1,0,0
"wsls_agent",1,"random_agent",0,91,0,1,0.5,0.5,1,0,1
"wsls_agent",1,"random_agent",0,92,0,1,0.5,0.5,0,-1,1
"wsls_agent",0,"random_agent",0,93,1,1,0.5,0.5,0,-1,1
"wsls_agent",0,"random_agent",0,94,1,1,0.5,0.5,-1,0,0
"wsls_agent",0,"random_agent",0,95,1,1,0.5,0.5,-1,0,0
"wsls_agent",0,"random_agent",0,96,1,1,0.5,0.5,-1,0,0
"wsls_agent",0,"random_agent",1,97,0,1,0.5,0.5,-1,0,0
"wsls_agent",1,"random_agent",0,98,0,1,0.5,0.5,0,1,0
"wsls_agent",0,"random_agent",1,99,0,1,0.5,0.5,0,-1,1
"wsls_agent",1,"random_agent",1,100,1,1,0.5,0.5,0,1,0
"wsls_agent",1,"random_agent",1,101,1,1,0.5,0.5,1,0,1
"wsls_agent",1,"random_agent",0,102,0,1,0.5,0.5,1,0,1
"wsls_agent",1,"random_agent",0,103,0,1,0.5,0.5,0,-1,1
"wsls_agent",0,"random_agent",1,104,0,1,0.5,0.5,0,-1,1
"wsls_agent",1,"random_agent",0,105,0,1,0.5,0.5,0,1,0
"wsls_agent",1,"random_agent",0,106,0,1,0.5,0.5,0,-1,1
"wsls_agent",1,"random_agent",0,107,0,1,0.5,0.5,0,-1,1
"wsls_agent",1,"random_agent",1,108,1,1,0.5,0.5,0,-1,1
"wsls_agent",0,"random_agent",1,109,0,1,0.5,0.5,1,0,1
"wsls_agent",1,"random_agent",0,110,0,1,0.5,0.5,0,1,0
"wsls_agent",0,"random_agent",0,111,1,1,0.5,0.5,0,-1,1
"wsls_agent",0,"random_agent",0,112,1,1,0.5,0.5,-1,0,0
"wsls_agent",0,"random_agent",1,113,0,1,0.5,0.5,-1,0,0
"wsls_agent",1,"random_agent",1,114,1,1,0.5,0.5,0,1,0
"wsls_agent",1,"random_agent",1,115,1,1,0.5,0.5,1,0,1
"wsls_agent",0,"random_agent",1,116,0,1,0.5,0.5,1,0,1
"wsls_agent",1,"random_agent",0,117,0,1,0.5,0.5,0,1,0
"wsls_agent",0,"random_agent",0,118,1,1,0.5,0.5,0,-1,1
"wsls_agent",0,"random_agent",1,119,0,1,0.5,0.5,-1,0,0
"wsls_agent",1,"random_agent",1,120,1,1,0.5,0.5,0,1,0
"wsls_agent",1,"random_agent",1,121,1,1,0.5,0.5,1,0,1
"wsls_agent",1,"random_agent",1,122,1,1,0.5,0.5,1,0,1
"wsls_agent",1,"random_agent",0,123,0,1,0.5,0.5,1,0,1
"wsls_agent",1,"random_agent",0,124,0,1,0.5,0.5,0,-1,1
"wsls_agent",0,"random_agent",0,125,1,1,0.5,0.5,0,-1,1
"wsls_agent",1,"random_agent",1,126,1,1,0.5,0.5,-1,0,0
"wsls_agent",0,"random_agent",0,127,1,1,0.5,0.5,1,0,1
"wsls_agent",0,"random_agent",0,128,1,1,0.5,0.5,-1,0,0
"wsls_agent",0,"random_agent",1,129,0,1,0.5,0.5,-1,0,0
"wsls_agent",0,"random_agent",0,130,1,1,0.5,0.5,0,1,0
"wsls_agent",0,"random_agent",1,131,0,1,0.5,0.5,-1,0,0
"wsls_agent",1,"random_agent",0,132,0,1,0.5,0.5,0,1,0
"wsls_agent",0,"random_agent",1,133,0,1,0.5,0.5,0,-1,1
"wsls_agent",1,"random_agent",0,134,0,1,0.5,0.5,0,1,0
"wsls_agent",1,"random_agent",1,135,1,1,0.5,0.5,0,-1,1
"wsls_agent",1,"random_agent",0,136,0,1,0.5,0.5,1,0,1
"wsls_agent",0,"random_agent",1,137,0,1,0.5,0.5,0,-1,1
"wsls_agent",1,"random_agent",0,138,0,1,0.5,0.5,0,1,0
"wsls_agent",0,"random_agent",0,139,1,1,0.5,0.5,0,-1,1
"wsls_agent",0,"random_agent",0,140,1,1,0.5,0.5,-1,0,0
"wsls_agent",0,"random_agent",0,141,1,1,0.5,0.5,-1,0,0
"wsls_agent",0,"random_agent",0,142,1,1,0.5,0.5,-1,0,0
"wsls_agent",0,"random_agent",1,143,0,1,0.5,0.5,-1,0,0
"wsls_agent",0,"random_agent",1,144,0,1,0.5,0.5,0,1,0
"wsls_agent",1,"random_agent",0,145,0,1,0.5,0.5,0,1,0
"wsls_agent",0,"random_agent",1,146,0,1,0.5,0.5,0,-1,1
"wsls_agent",0,"random_agent",1,147,0,1,0.5,0.5,0,1,0
"wsls_agent",0,"random_agent",0,148,1,1,0.5,0.5,0,1,0
"wsls_agent",1,"random_agent",1,149,1,1,0.5,0.5,-1,0,0
"wsls_agent",1,"random_agent",0,150,0,1,0.5,0.5,1,0,1
"wsls_agent",1,"random_agent",0,151,0,1,0.5,0.5,0,-1,1
"wsls_agent",0,"random_agent",1,152,0,1,0.5,0.5,0,-1,1
"wsls_agent",1,"random_agent",1,153,1,1,0.5,0.5,0,1,0
"wsls_agent",0,"random_agent",1,154,0,1,0.5,0.5,1,0,1
"wsls_agent",0,"random_agent",0,155,1,1,0.5,0.5,0,1,0
"wsls_agent",0,"random_agent",0,156,1,1,0.5,0.5,-1,0,0
"wsls_agent",0,"random_agent",0,157,1,1,0.5,0.5,-1,0,0
"wsls_agent",1,"random_agent",1,158,1,1,0.5,0.5,-1,0,0
"wsls_agent",1,"random_agent",0,159,0,1,0.5,0.5,1,0,1
"wsls_agent",0,"random_agent",1,160,0,1,0.5,0.5,0,-1,1
"wsls_agent",1,"random_agent",0,161,0,1,0.5,0.5,0,1,0
"wsls_agent",0,"random_agent",0,162,1,1,0.5,0.5,0,-1,1
"wsls_agent",0,"random_agent",1,163,0,1,0.5,0.5,-1,0,0
"wsls_agent",0,"random_agent",1,164,0,1,0.5,0.5,0,1,0
"wsls_agent",0,"random_agent",0,165,1,1,0.5,0.5,0,1,0
"wsls_agent",0,"random_agent",0,166,1,1,0.5,0.5,-1,0,0
"wsls_agent",0,"random_agent",1,167,0,1,0.5,0.5,-1,0,0
"wsls_agent",1,"random_agent",0,168,0,1,0.5,0.5,0,1,0
"wsls_agent",0,"random_agent",0,169,1,1,0.5,0.5,0,-1,1
"wsls_agent",0,"random_agent",0,170,1,1,0.5,0.5,-1,0,0
"wsls_agent",0,"random_agent",1,171,0,1,0.5,0.5,-1,0,0
"wsls_agent",1,"random_agent",1,172,1,1,0.5,0.5,0,1,0
"wsls_agent",1,"random_agent",0,173,0,1,0.5,0.5,1,0,1
"wsls_agent",0,"random_agent",1,174,0,1,0.5,0.5,0,-1,1
"wsls_agent",1,"random_agent",1,175,1,1,0.5,0.5,0,1,0
"wsls_agent",1,"random_agent",0,176,0,1,0.5,0.5,1,0,1
"wsls_agent",1,"random_agent",0,177,0,1,0.5,0.5,0,-1,1
"wsls_agent",0,"random_agent",0,178,1,1,0.5,0.5,0,-1,1
"wsls_agent",0,"random_agent",1,179,0,1,0.5,0.5,-1,0,0
"wsls_agent",0,"random_agent",1,180,0,1,0.5,0.5,0,1,0
"wsls_agent",1,"random_agent",0,181,0,1,0.5,0.5,0,1,0
"wsls_agent",1,"random_agent",0,182,0,1,0.5,0.5,0,-1,1
"wsls_agent",0,"random_agent",0,183,1,1,0.5,0.5,0,-1,1
"wsls_agent",1,"random_agent",1,184,1,1,0.5,0.5,-1,0,0
"wsls_agent",1,"random_agent",0,185,0,1,0.5,0.5,1,0,1
"wsls_agent",1,"random_agent",0,186,0,1,0.5,0.5,0,-1,1
"wsls_agent",0,"random_agent",1,187,0,1,0.5,0.5,0,-1,1
"wsls_agent",0,"random_agent",1,188,0,1,0.5,0.5,0,1,0
"wsls_agent",1,"random_agent",1,189,1,1,0.5,0.5,0,1,0
"wsls_agent",1,"random_agent",0,190,0,1,0.5,0.5,1,0,1
"wsls_agent",0,"random_agent",1,191,0,1,0.5,0.5,0,-1,1
"wsls_agent",1,"random_agent",1,192,1,1,0.5,0.5,0,1,0
"wsls_agent",1,"random_agent",1,193,1,1,0.5,0.5,1,0,1
"wsls_agent",1,"random_agent",0,194,0,1,0.5,0.5,1,0,1
"wsls_agent",1,"random_agent",0,195,0,1,0.5,0.5,0,-1,1
"wsls_agent",1,"random_agent",1,196,1,1,0.5,0.5,0,-1,1
"wsls_agent",0,"random_agent",0,197,1,1,0.5,0.5,1,0,1
"wsls_agent",0,"random_agent",0,198,1,1,0.5,0.5,-1,0,0
"wsls_agent",0,"random_agent",0,199,1,1,0.5,0.5,-1,0,0
"wsls_agent",0,"random_agent",0,200,1,1,0.5,0.5,-1,0,0
"wsls_agent",1,"random_agent",1,201,1,1,0.5,0.5,-1,0,0
"wsls_agent",1,"random_agent",1,202,1,1,0.5,0.5,1,0,1
"wsls_agent",1,"random_agent",1,203,1,1,0.5,0.5,1,0,1
"wsls_agent",1,"random_agent",0,204,0,1,0.5,0.5,1,0,1
"wsls_agent",0,"random_agent",0,205,1,1,0.5,0.5,0,-1,1
"wsls_agent",0,"random_agent",1,206,0,1,0.5,0.5,-1,0,0
"wsls_agent",1,"random_agent",1,207,1,1,0.5,0.5,0,1,0
"wsls_agent",1,"random_agent",1,208,1,1,0.5,0.5,1,0,1
"wsls_agent",1,"random_agent",1,209,1,1,0.5,0.5,1,0,1
"wsls_agent",1,"random_agent",0,210,0,1,0.5,0.5,1,0,1
"wsls_agent",0,"random_agent",0,211,1,1,0.5,0.5,0,-1,1
"wsls_agent",1,"random_agent",1,212,1,1,0.5,0.5,-1,0,0
"wsls_agent",1,"random_agent",1,213,1,1,0.5,0.5,1,0,1
"wsls_agent",0,"random_agent",1,214,0,1,0.5,0.5,1,0,1
"wsls_agent",1,"random_agent",0,215,0,1,0.5,0.5,0,1,0
"wsls_agent",0,"random_agent",0,216,1,1,0.5,0.5,0,-1,1
"wsls_agent",0,"random_agent",1,217,0,1,0.5,0.5,-1,0,0
"wsls_agent",1,"random_agent",0,218,0,1,0.5,0.5,0,1,0
"wsls_agent",0,"random_agent",0,219,1,1,0.5,0.5,0,-1,1
"wsls_agent",0,"random_agent",1,220,0,1,0.5,0.5,-1,0,0
"wsls_agent",1,"random_agent",0,221,0,1,0.5,0.5,0,1,0
"wsls_agent",0,"random_agent",1,222,0,1,0.5,0.5,0,-1,1
"wsls_agent",1,"random_agent",0,223,0,1,0.5,0.5,0,1,0
"wsls_agent",1,"random_agent",0,224,0,1,0.5,0.5,0,-1,1
"wsls_agent",0,"random_agent",1,225,0,1,0.5,0.5,0,-1,1
"wsls_agent",1,"random_agent",1,226,1,1,0.5,0.5,0,1,0
"wsls_agent",1,"random_agent",0,227,0,1,0.5,0.5,1,0,1
"wsls_agent",0,"random_agent",0,228,1,1,0.5,0.5,0,-1,1
"wsls_agent",1,"random_agent",1,229,1,1,0.5,0.5,-1,0,0
"wsls_agent",1,"random_agent",1,230,1,1,0.5,0.5,1,0,1
"wsls_agent",1,"random_agent",1,231,1,1,0.5,0.5,1,0,1
"wsls_agent",0,"random_agent",1,232,0,1,0.5,0.5,1,0,1
"wsls_agent",1,"random_agent",0,233,0,1,0.5,0.5,0,1,0
"wsls_agent",0,"random_agent",1,234,0,1,0.5,0.5,0,-1,1
"wsls_agent",1,"random_agent",0,235,0,1,0.5,0.5,0,1,0
"wsls_agent",1,"random_agent",0,236,0,1,0.5,0.5,0,-1,1
"wsls_agent",1,"random_agent",0,237,0,1,0.5,0.5,0,-1,1
"wsls_agent",1,"random_agent",1,238,1,1,0.5,0.5,0,-1,1
"wsls_agent",1,"random_agent",0,239,0,1,0.5,0.5,1,0,1
"wsls_agent",1,"random_agent",0,240,0,1,0.5,0.5,0,-1,1
"wsls_agent",0,"random_agent",1,241,0,1,0.5,0.5,0,-1,1
"wsls_agent",1,"random_agent",1,242,1,1,0.5,0.5,0,1,0
"wsls_agent",1,"random_agent",0,243,0,1,0.5,0.5,1,0,1
"wsls_agent",0,"random_agent",0,244,1,1,0.5,0.5,0,-1,1
"wsls_agent",1,"random_agent",0,245,0,1,0.5,0.5,-1,0,0
"wsls_agent",0,"random_agent",1,246,0,1,0.5,0.5,0,-1,1
"wsls_agent",1,"random_agent",0,247,0,1,0.5,0.5,0,1,0
"wsls_agent",0,"random_agent",0,248,1,1,0.5,0.5,0,-1,1
"wsls_agent",0,"random_agent",0,249,1,1,0.5,0.5,-1,0,0
"wsls_agent",0,"random_agent",0,250,1,1,0.5,0.5,-1,0,0
"wsls_agent",0,"random_agent",0,251,1,1,0.5,0.5,-1,0,0
"wsls_agent",0,"random_agent",1,252,0,1,0.5,0.5,-1,0,0
"wsls_agent",1,"random_agent",0,253,0,1,0.5,0.5,0,1,0
"wsls_agent",0,"random_agent",0,254,1,1,0.5,0.5,0,-1,1
"wsls_agent",0,"random_agent",0,255,1,1,0.5,0.5,-1,0,0
"wsls_agent",0,"random_agent",1,256,0,1,0.5,0.5,-1,0,0
"wsls_agent",1,"random_agent",1,257,1,1,0.5,0.5,0,1,0
"wsls_agent",1,"random_agent",1,258,1,1,0.5,0.5,1,0,1
"wsls_agent",1,"random_agent",0,259,0,1,0.5,0.5,1,0,1
"wsls_agent",0,"random_agent",0,260,1,1,0.5,0.5,0,-1,1
"wsls_agent",0,"random_agent",1,261,0,1,0.5,0.5,-1,0,0
"wsls_agent",0,"random_agent",1,262,0,1,0.5,0.5,0,1,0
"wsls_agent",1,"random_agent",0,263,0,1,0.5,0.5,0,1,0
"wsls_agent",0,"random_agent",1,264,0,1,0.5,0.5,0,-1,1
"wsls_agent",0,"random_agent",0,265,1,1,0.5,0.5,0,1,0
"wsls_agent",0,"random_agent",0,266,1,1,0.5,0.5,-1,0,0
"wsls_agent",0,"random_agent",1,267,0,1,0.5,0.5,-1,0,0
"wsls_agent",1,"random_agent",0,268,0,1,0.5,0.5,0,1,0
"wsls_agent",0,"random_agent",0,269,1,1,0.5,0.5,0,-1,1
"wsls_agent",1,"random_agent",1,270,1,1,0.5,0.5,-1,0,0
"wsls_agent",1,"random_agent",0,271,0,1,0.5,0.5,1,0,1
"wsls_agent",0,"random_agent",0,272,1,1,0.5,0.5,0,-1,1
"wsls_agent",0,"random_agent",1,273,0,1,0.5,0.5,-1,0,0
"wsls_agent",1,"random_agent",0,274,0,1,0.5,0.5,0,1,0
"wsls_agent",0,"random_agent",0,275,1,1,0.5,0.5,0,-1,1
"wsls_agent",0,"random_agent",1,276,0,1,0.5,0.5,-1,0,0
"wsls_agent",1,"random_agent",0,277,0,1,0.5,0.5,0,1,0
"wsls_agent",0,"random_agent",1,278,0,1,0.5,0.5,0,-1,1
"wsls_agent",1,"random_agent",0,279,0,1,0.5,0.5,0,1,0
"wsls_agent",0,"random_agent",0,280,1,1,0.5,0.5,0,-1,1
"wsls_agent",1,"random_agent",1,281,1,1,0.5,0.5,-1,0,0
"wsls_agent",1,"random_agent",1,282,1,1,0.5,0.5,1,0,1
"wsls_agent",0,"random_agent",0,283,1,1,0.5,0.5,1,0,1
"wsls_agent",1,"random_agent",0,284,0,1,0.5,0.5,-1,0,0
"wsls_agent",0,"random_agent",0,285,1,1,0.5,0.5,0,-1,1
"wsls_agent",0,"random_agent",1,286,0,1,0.5,0.5,-1,0,0
"wsls_agent",1,"random_agent",1,287,1,1,0.5,0.5,0,1,0
"wsls_agent",1,"random_agent",0,288,0,1,0.5,0.5,1,0,1
"wsls_agent",0,"random_agent",0,289,1,1,0.5,0.5,0,-1,1
"wsls_agent",0,"random_agent",0,290,1,1,0.5,0.5,-1,0,0
"wsls_agent",0,"random_agent",1,291,0,1,0.5,0.5,-1,0,0
"wsls_agent",0,"random_agent",0,292,1,1,0.5,0.5,0,1,0
"wsls_agent",0,"random_agent",1,293,0,1,0.5,0.5,-1,0,0
"wsls_agent",1,"random_agent",0,294,0,1,0.5,0.5,0,1,0
"wsls_agent",0,"random_agent",0,295,1,1,0.5,0.5,0,-1,1
"wsls_agent",0,"random_agent",1,296,0,1,0.5,0.5,-1,0,0
"wsls_agent",1,"random_agent",1,297,1,1,0.5,0.5,0,1,0
"wsls_agent",0,"random_agent",1,298,0,1,0.5,0.5,1,0,1
"wsls_agent",0,"random_agent",0,299,1,1,0.5,0.5,0,1,0
"wsls_agent",0,"random_agent",0,300,1,1,0.5,0.5,-1,0,0
"wsls_agent",0,"random_agent",0,301,1,1,0.5,0.5,-1,0,0
"wsls_agent",0,"random_agent",1,302,0,1,0.5,0.5,-1,0,0
"wsls_agent",1,"random_agent",0,303,0,1,0.5,0.5,0,1,0
"wsls_agent",0,"random_agent",1,304,0,1,0.5,0.5,0,-1,1
"wsls_agent",1,"random_agent",0,305,0,1,0.5,0.5,0,1,0
"wsls_agent",1,"random_agent",0,306,0,1,0.5,0.5,0,-1,1
"wsls_agent",0,"random_agent",1,307,0,1,0.5,0.5,0,-1,1
"wsls_agent",1,"random_agent",0,308,0,1,0.5,0.5,0,1,0
"wsls_agent",0,"random_agent",0,309,1,1,0.5,0.5,0,-1,1
"wsls_agent",0,"random_agent",0,310,1,1,0.5,0.5,-1,0,0
"wsls_agent",0,"random_agent",0,311,1,1,0.5,0.5,-1,0,0
"wsls_agent",1,"random_agent",1,312,1,1,0.5,0.5,-1,0,0
"wsls_agent",1,"random_agent",0,313,0,1,0.5,0.5,1,0,1
"wsls_agent",0,"random_agent",0,314,1,1,0.5,0.5,0,-1,1
"wsls_agent",1,"random_agent",0,315,0,1,0.5,0.5,-1,0,0
"wsls_agent",1,"random_agent",1,316,1,1,0.5,0.5,0,-1,1
"wsls_agent",1,"random_agent",1,317,1,1,0.5,0.5,1,0,1
"wsls_agent",1,"random_agent",1,318,1,1,0.5,0.5,1,0,1
"wsls_agent",1,"random_agent",0,319,0,1,0.5,0.5,1,0,1
"wsls_agent",0,"random_agent",0,320,1,1,0.5,0.5,0,-1,1
"wsls_agent",0,"random_agent",1,321,0,1,0.5,0.5,-1,0,0
"wsls_agent",1,"random_agent",0,322,0,1,0.5,0.5,0,1,0
"wsls_agent",0,"random_agent",0,323,1,1,0.5,0.5,0,-1,1
"wsls_agent",0,"random_agent",1,324,0,1,0.5,0.5,-1,0,0
"wsls_agent",1,"random_agent",1,325,1,1,0.5,0.5,0,1,0
"wsls_agent",1,"random_agent",0,326,0,1,0.5,0.5,1,0,1
"wsls_agent",0,"random_agent",1,327,0,1,0.5,0.5,0,-1,1
"wsls_agent",1,"random_agent",0,328,0,1,0.5,0.5,0,1,0
"wsls_agent",0,"random_agent",1,329,0,1,0.5,0.5,0,-1,1
"wsls_agent",1,"random_agent",1,330,1,1,0.5,0.5,0,1,0
"wsls_agent",1,"random_agent",1,331,1,1,0.5,0.5,1,0,1
"wsls_agent",1,"random_agent",0,332,0,1,0.5,0.5,1,0,1
"wsls_agent",0,"random_agent",1,333,0,1,0.5,0.5,0,-1,1
"wsls_agent",0,"random_agent",1,334,0,1,0.5,0.5,0,1,0
"wsls_agent",1,"random_agent",0,335,0,1,0.5,0.5,0,1,0
"wsls_agent",0,"random_agent",0,336,1,1,0.5,0.5,0,-1,1
"wsls_agent",0,"random_agent",1,337,0,1,0.5,0.5,-1,0,0
"wsls_agent",1,"random_agent",0,338,0,1,0.5,0.5,0,1,0
"wsls_agent",0,"random_agent",1,339,0,1,0.5,0.5,0,-1,1
"wsls_agent",1,"random_agent",0,340,0,1,0.5,0.5,0,1,0
"wsls_agent",0,"random_agent",1,341,0,1,0.5,0.5,0,-1,1
"wsls_agent",1,"random_agent",0,342,0,1,0.5,0.5,0,1,0
"wsls_agent",0,"random_agent",0,343,1,1,0.5,0.5,0,-1,1
"wsls_agent",0,"random_agent",1,344,0,1,0.5,0.5,-1,0,0
"wsls_agent",1,"random_agent",1,345,1,1,0.5,0.5,0,1,0
"wsls_agent",1,"random_agent",1,346,1,1,0.5,0.5,1,0,1
"wsls_agent",1,"random_agent",0,347,0,1,0.5,0.5,1,0,1
"wsls_agent",0,"random_agent",0,348,1,1,0.5,0.5,0,-1,1
"wsls_agent",1,"random_agent",0,349,0,1,0.5,0.5,-1,0,0
"wsls_agent",0,"random_agent",0,350,1,1,0.5,0.5,0,-1,1
"wsls_agent",0,"random_agent",1,351,0,1,0.5,0.5,-1,0,0
"wsls_agent",1,"random_agent",0,352,0,1,0.5,0.5,0,1,0
"wsls_agent",0,"random_agent",0,353,1,1,0.5,0.5,0,-1,1
"wsls_agent",0,"random_agent",1,354,0,1,0.5,0.5,-1,0,0
"wsls_agent",0,"random_agent",0,355,1,1,0.5,0.5,0,1,0
"wsls_agent",0,"random_agent",1,356,0,1,0.5,0.5,-1,0,0
"wsls_agent",1,"random_agent",0,357,0,1,0.5,0.5,0,1,0
"wsls_agent",0,"random_agent",0,358,1,1,0.5,0.5,0,-1,1
"wsls_agent",0,"random_agent",1,359,0,1,0.5,0.5,-1,0,0
"wsls_agent",1,"random_agent",1,360,1,1,0.5,0.5,0,1,0
"wsls_agent",1,"random_agent",1,361,1,1,0.5,0.5,1,0,1
"wsls_agent",0,"random_agent",1,362,0,1,0.5,0.5,1,0,1
"wsls_agent",0,"random_agent",0,363,1,1,0.5,0.5,0,1,0
"wsls_agent",1,"random_agent",1,364,1,1,0.5,0.5,-1,0,0
"wsls_agent",1,"random_agent",1,365,1,1,0.5,0.5,1,0,1
"wsls_agent",0,"random_agent",0,366,1,1,0.5,0.5,1,0,1
"wsls_agent",0,"random_agent",0,367,1,1,0.5,0.5,-1,0,0
"wsls_agent",0,"random_agent",0,368,1,1,0.5,0.5,-1,0,0
"wsls_agent",0,"random_agent",0,369,1,1,0.5,0.5,-1,0,0
"wsls_agent",0,"random_agent",1,370,0,1,0.5,0.5,-1,0,0
"wsls_agent",0,"random_agent",1,371,0,1,0.5,0.5,0,1,0
"wsls_agent",1,"random_agent",1,372,1,1,0.5,0.5,0,1,0
"wsls_agent",0,"random_agent",1,373,0,1,0.5,0.5,1,0,1
"wsls_agent",1,"random_agent",0,374,0,1,0.5,0.5,0,1,0
"wsls_agent",0,"random_agent",0,375,1,1,0.5,0.5,0,-1,1
"wsls_agent",0,"random_agent",1,376,0,1,0.5,0.5,-1,0,0
"wsls_agent",0,"random_agent",1,377,0,1,0.5,0.5,0,1,0
"wsls_agent",1,"random_agent",1,378,1,1,0.5,0.5,0,1,0
"wsls_agent",1,"random_agent",1,379,1,1,0.5,0.5,1,0,1
"wsls_agent",1,"random_agent",0,380,0,1,0.5,0.5,1,0,1
"wsls_agent",0,"random_agent",1,381,0,1,0.5,0.5,0,-1,1
"wsls_agent",1,"random_agent",1,382,1,1,0.5,0.5,0,1,0
"wsls_agent",1,"random_agent",1,383,1,1,0.5,0.5,1,0,1
"wsls_agent",1,"random_agent",0,384,0,1,0.5,0.5,1,0,1
"wsls_agent",0,"random_agent",0,385,1,1,0.5,0.5,0,-1,1
"wsls_agent",1,"random_agent",1,386,1,1,0.5,0.5,-1,0,0
"wsls_agent",1,"random_agent",1,387,1,1,0.5,0.5,1,0,1
"wsls_agent",1,"random_agent",1,388,1,1,0.5,0.5,1,0,1
"wsls_agent",1,"random_agent",0,389,0,1,0.5,0.5,1,0,1
"wsls_agent",0,"random_agent",1,390,0,1,0.5,0.5,0,-1,1
"wsls_agent",0,"random_agent",1,391,0,1,0.5,0.5,0,1,0
"wsls_agent",1,"random_agent",0,392,0,1,0.5,0.5,0,1,0
"wsls_agent",0,"random_agent",0,393,1,1,0.5,0.5,0,-1,1
"wsls_agent",1,"random_agent",1,394,1,1,0.5,0.5,-1,0,0
"wsls_agent",1,"random_agent",0,395,0,1,0.5,0.5,1,0,1
"wsls_agent",0,"random_agent",0,396,1,1,0.5,0.5,0,-1,1
"wsls_agent",0,"random_agent",1,397,0,1,0.5,0.5,-1,0,0
"wsls_agent",0,"random_agent",1,398,0,1,0.5,0.5,0,1,0
"wsls_agent",1,"random_agent",1,399,1,1,0.5,0.5,0,1,0
"wsls_agent",1,"random_agent",1,400,1,1,0.5,0.5,1,0,1
"wsls_agent",0,"random_agent",0,401,1,1,0.5,0.5,1,0,1
"wsls_agent",0,"random_agent",1,402,0,1,0.5,0.5,-1,0,0
"wsls_agent",1,"random_agent",1,403,1,1,0.5,0.5,0,1,0
"wsls_agent",1,"random_agent",1,404,1,1,0.5,0.5,1,0,1
"wsls_agent",1,"random_agent",0,405,0,1,0.5,0.5,1,0,1
"wsls_agent",0,"random_agent",0,406,1,1,0.5,0.5,0,-1,1
"wsls_agent",1,"random_agent",0,407,0,1,0.5,0.5,-1,0,0
"wsls_agent",1,"random_agent",1,408,1,1,0.5,0.5,0,-1,1
"wsls_agent",1,"random_agent",1,409,1,1,0.5,0.5,1,0,1
"wsls_agent",0,"random_agent",1,410,0,1,0.5,0.5,1,0,1
"wsls_agent",1,"random_agent",0,411,0,1,0.5,0.5,0,1,0
"wsls_agent",0,"random_agent",1,412,0,1,0.5,0.5,0,-1,1
"wsls_agent",1,"random_agent",0,413,0,1,0.5,0.5,0,1,0
"wsls_agent",0,"random_agent",0,414,1,1,0.5,0.5,0,-1,1
"wsls_agent",0,"random_agent",1,415,0,1,0.5,0.5,-1,0,0
"wsls_agent",1,"random_agent",0,416,0,1,0.5,0.5,0,1,0
"wsls_agent",0,"random_agent",0,417,1,1,0.5,0.5,0,-1,1
"wsls_agent",1,"random_agent",1,418,1,1,0.5,0.5,-1,0,0
"wsls_agent",0,"random_agent",1,419,0,1,0.5,0.5,1,0,1
"wsls_agent",0,"random_agent",0,420,1,1,0.5,0.5,0,1,0
"wsls_agent",0,"random_agent",1,421,0,1,0.5,0.5,-1,0,0
"wsls_agent",1,"random_agent",0,422,0,1,0.5,0.5,0,1,0
"wsls_agent",0,"random_agent",0,423,1,1,0.5,0.5,0,-1,1
"wsls_agent",0,"random_agent",1,424,0,1,0.5,0.5,-1,0,0
"wsls_agent",0,"random_agent",0,425,1,1,0.5,0.5,0,1,0
"wsls_agent",1,"random_agent",0,426,0,1,0.5,0.5,-1,0,0
"wsls_agent",0,"random_agent",1,427,0,1,0.5,0.5,0,-1,1
"wsls_agent",1,"random_agent",1,428,1,1,0.5,0.5,0,1,0
"wsls_agent",1,"random_agent",0,429,0,1,0.5,0.5,1,0,1
"wsls_agent",1,"random_agent",0,430,0,1,0.5,0.5,0,-1,1
"wsls_agent",0,"random_agent",0,431,1,1,0.5,0.5,0,-1,1
"wsls_agent",0,"random_agent",1,432,0,1,0.5,0.5,-1,0,0
"wsls_agent",0,"random_agent",0,433,1,1,0.5,0.5,0,1,0
"wsls_agent",0,"random_agent",1,434,0,1,0.5,0.5,-1,0,0
"wsls_agent",1,"random_agent",1,435,1,1,0.5,0.5,0,1,0
"wsls_agent",1,"random_agent",0,436,0,1,0.5,0.5,1,0,1
"wsls_agent",0,"random_agent",1,437,0,1,0.5,0.5,0,-1,1
"wsls_agent",1,"random_agent",0,438,0,1,0.5,0.5,0,1,0
"wsls_agent",0,"random_agent",1,439,0,1,0.5,0.5,0,-1,1
"wsls_agent",1,"random_agent",1,440,1,1,0.5,0.5,0,1,0
"wsls_agent",0,"random_agent",0,441,1,1,0.5,0.5,1,0,1
"wsls_agent",1,"random_agent",0,442,0,1,0.5,0.5,-1,0,0
"wsls_agent",0,"random_agent",0,443,1,1,0.5,0.5,0,-1,1
"wsls_agent",0,"random_agent",1,444,0,1,0.5,0.5,-1,0,0
"wsls_agent",1,"random_agent",0,445,0,1,0.5,0.5,0,1,0
"wsls_agent",0,"random_agent",0,446,1,1,0.5,0.5,0,-1,1
"wsls_agent",0,"random_agent",0,447,1,1,0.5,0.5,-1,0,0
"wsls_agent",0,"random_agent",1,448,0,1,0.5,0.5,-1,0,0
"wsls_agent",0,"random_agent",1,449,0,1,0.5,0.5,0,1,0
"wsls_agent",1,"random_agent",1,450,1,1,0.5,0.5,0,1,0
"wsls_agent",1,"random_agent",0,451,0,1,0.5,0.5,1,0,1
"wsls_agent",0,"random_agent",0,452,1,1,0.5,0.5,0,-1,1
"wsls_agent",0,"random_agent",0,453,1,1,0.5,0.5,-1,0,0
"wsls_agent",0,"random_agent",0,454,1,1,0.5,0.5,-1,0,0
"wsls_agent",1,"random_agent",0,455,0,1,0.5,0.5,-1,0,0
"wsls_agent",0,"random_agent",0,456,1,1,0.5,0.5,0,-1,1
"wsls_agent",0,"random_agent",1,457,0,1,0.5,0.5,-1,0,0
"wsls_agent",1,"random_agent",1,458,1,1,0.5,0.5,0,1,0
"wsls_agent",0,"random_agent",0,459,1,1,0.5,0.5,1,0,1
"wsls_agent",0,"random_agent",1,460,0,1,0.5,0.5,-1,0,0
"wsls_agent",0,"random_agent",1,461,0,1,0.5,0.5,0,1,0
"wsls_agent",1,"random_agent",0,462,0,1,0.5,0.5,0,1,0
"wsls_agent",0,"random_agent",0,463,1,1,0.5,0.5,0,-1,1
"wsls_agent",1,"random_agent",1,464,1,1,0.5,0.5,-1,0,0
"wsls_agent",1,"random_agent",1,465,1,1,0.5,0.5,1,0,1
"wsls_agent",1,"random_agent",1,466,1,1,0.5,0.5,1,0,1
"wsls_agent",0,"random_agent",1,467,0,1,0.5,0.5,1,0,1
"wsls_agent",1,"random_agent",0,468,0,1,0.5,0.5,0,1,0
"wsls_agent",1,"random_agent",1,469,1,1,0.5,0.5,0,-1,1
"wsls_agent",0,"random_agent",1,470,0,1,0.5,0.5,1,0,1
"wsls_agent",1,"random_agent",1,471,1,1,0.5,0.5,0,1,0
"wsls_agent",1,"random_agent",1,472,1,1,0.5,0.5,1,0,1
"wsls_agent",1,"random_agent",0,473,0,1,0.5,0.5,1,0,1
"wsls_agent",1,"random_agent",0,474,0,1,0.5,0.5,0,-1,1
"wsls_agent",0,"random_agent",0,475,1,1,0.5,0.5,0,-1,1
"wsls_agent",0,"random_agent",1,476,0,1,0.5,0.5,-1,0,0
"wsls_agent",1,"random_agent",1,477,1,1,0.5,0.5,0,1,0
"wsls_agent",1,"random_agent",1,478,1,1,0.5,0.5,1,0,1
"wsls_agent",1,"random_agent",1,479,1,1,0.5,0.5,1,0,1
"wsls_agent",1,"random_agent",0,480,0,1,0.5,0.5,1,0,1
"wsls_agent",1,"random_agent",0,481,0,1,0.5,0.5,0,-1,1
"wsls_agent",0,"random_agent",0,482,1,1,0.5,0.5,0,-1,1
"wsls_agent",0,"random_agent",0,483,1,1,0.5,0.5,-1,0,0
"wsls_agent",1,"random_agent",1,484,1,1,0.5,0.5,-1,0,0
"wsls_agent",1,"random_agent",0,485,0,1,0.5,0.5,1,0,1
"wsls_agent",0,"random_agent",0,486,1,1,0.5,0.5,0,-1,1
"wsls_agent",0,"random_agent",0,487,1,1,0.5,0.5,-1,0,0
"wsls_agent",1,"random_agent",0,488,0,1,0.5,0.5,-1,0,0
"wsls_agent",1,"random_agent",0,489,0,1,0.5,0.5,0,-1,1
"wsls_agent",0,"random_agent",0,490,1,1,0.5,0.5,0,-1,1
"wsls_agent",1,"random_agent",1,491,1,1,0.5,0.5,-1,0,0
"wsls_agent",1,"random_agent",0,492,0,1,0.5,0.5,1,0,1
"wsls_agent",0,"random_agent",0,493,1,1,0.5,0.5,0,-1,1
"wsls_agent",1,"random_agent",0,494,0,1,0.5,0.5,-1,0,0
"wsls_agent",0,"random_agent",0,495,1,1,0.5,0.5,0,-1,1
"wsls_agent",0,"random_agent",1,496,0,1,0.5,0.5,-1,0,0
"wsls_agent",1,"random_agent",0,497,0,1,0.5,0.5,0,1,0
"wsls_agent",0,"random_agent",1,498,0,1,0.5,0.5,0,-1,1
"wsls_agent",0,"random_agent",1,499,0,1,0.5,0.5,0,1,0
"wsls_agent",1,"random_agent",1,500,1,1,0.5,0.5,0,1,0
"wsls_agent",1,"random_agent",0,501,0,1,0.5,0.5,1,0,1
"wsls_agent",0,"random_agent",0,502,1,1,0.5,0.5,0,-1,1
"wsls_agent",0,"random_agent",0,503,1,1,0.5,0.5,-1,0,0
"wsls_agent",0,"random_agent",1,504,0,1,0.5,0.5,-1,0,0
"wsls_agent",1,"random_agent",0,505,0,1,0.5,0.5,0,1,0
"wsls_agent",0,"random_agent",0,506,1,1,0.5,0.5,0,-1,1
"wsls_agent",0,"random_agent",0,507,1,1,0.5,0.5,-1,0,0
"wsls_agent",0,"random_agent",1,508,0,1,0.5,0.5,-1,0,0
"wsls_agent",0,"random_agent",0,509,1,1,0.5,0.5,0,1,0
"wsls_agent",0,"random_agent",1,510,0,1,0.5,0.5,-1,0,0
"wsls_agent",1,"random_agent",1,511,1,1,0.5,0.5,0,1,0
"wsls_agent",1,"random_agent",0,512,0,1,0.5,0.5,1,0,1
"wsls_agent",0,"random_agent",1,513,0,1,0.5,0.5,0,-1,1
"wsls_agent",1,"random_agent",0,514,0,1,0.5,0.5,0,1,0
"wsls_agent",0,"random_agent",0,515,1,1,0.5,0.5,0,-1,1
"wsls_agent",0,"random_agent",1,516,0,1,0.5,0.5,-1,0,0
"wsls_agent",1,"random_agent",0,517,0,1,0.5,0.5,0,1,0
"wsls_agent",1,"random_agent",0,518,0,1,0.5,0.5,0,-1,1
"wsls_agent",1,"random_agent",1,519,1,1,0.5,0.5,0,-1,1
"wsls_agent",1,"random_agent",1,520,1,1,0.5,0.5,1,0,1
"wsls_agent",1,"random_agent",1,521,1,1,0.5,0.5,1,0,1
"wsls_agent",1,"random_agent",0,522,0,1,0.5,0.5,1,0,1
"wsls_agent",0,"random_agent",1,523,0,1,0.5,0.5,0,-1,1
"wsls_agent",0,"random_agent",1,524,0,1,0.5,0.5,0,1,0
"wsls_agent",1,"random_agent",0,525,0,1,0.5,0.5,0,1,0
"wsls_agent",0,"random_agent",1,526,0,1,0.5,0.5,0,-1,1
"wsls_agent",1,"random_agent",0,527,0,1,0.5,0.5,0,1,0
"wsls_agent",0,"random_agent",1,528,0,1,0.5,0.5,0,-1,1
"wsls_agent",1,"random_agent",0,529,0,1,0.5,0.5,0,1,0
"wsls_agent",1,"random_agent",0,530,0,1,0.5,0.5,0,-1,1
"wsls_agent",1,"random_agent",0,531,0,1,0.5,0.5,0,-1,1
"wsls_agent",0,"random_agent",0,532,1,1,0.5,0.5,0,-1,1
"wsls_agent",0,"random_agent",0,533,1,1,0.5,0.5,-1,0,0
"wsls_agent",1,"random_agent",0,534,0,1,0.5,0.5,-1,0,0
"wsls_agent",0,"random_agent",1,535,0,1,0.5,0.5,0,-1,1
"wsls_agent",1,"random_agent",0,536,0,1,0.5,0.5,0,1,0
"wsls_agent",0,"random_agent",1,537,0,1,0.5,0.5,0,-1,1
"wsls_agent",1,"random_agent",1,538,1,1,0.5,0.5,0,1,0
"wsls_agent",1,"random_agent",1,539,1,1,0.5,0.5,1,0,1
"wsls_agent",1,"random_agent",0,540,0,1,0.5,0.5,1,0,1
"wsls_agent",1,"random_agent",0,541,0,1,0.5,0.5,0,-1,1
"wsls_agent",0,"random_agent",1,542,0,1,0.5,0.5,0,-1,1
"wsls_agent",1,"random_agent",1,543,1,1,0.5,0.5,0,1,0
"wsls_agent",1,"random_agent",1,544,1,1,0.5,0.5,1,0,1
"wsls_agent",1,"random_agent",1,545,1,1,0.5,0.5,1,0,1
"wsls_agent",1,"random_agent",1,546,1,1,0.5,0.5,1,0,1
"wsls_agent",0,"random_agent",1,547,0,1,0.5,0.5,1,0,1
"wsls_agent",0,"random_agent",0,548,1,1,0.5,0.5,0,1,0
"wsls_agent",0,"random_agent",0,549,1,1,0.5,0.5,-1,0,0
"wsls_agent",0,"random_agent",1,550,0,1,0.5,0.5,-1,0,0
"wsls_agent",1,"random_agent",1,551,1,1,0.5,0.5,0,1,0
"wsls_agent",1,"random_agent",0,552,0,1,0.5,0.5,1,0,1
"wsls_agent",0,"random_agent",0,553,1,1,0.5,0.5,0,-1,1
"wsls_agent",1,"random_agent",1,554,1,1,0.5,0.5,-1,0,0
"wsls_agent",0,"random_agent",1,555,0,1,0.5,0.5,1,0,1
"wsls_agent",0,"random_agent",0,556,1,1,0.5,0.5,0,1,0
"wsls_agent",1,"random_agent",1,557,1,1,0.5,0.5,-1,0,0
"wsls_agent",1,"random_agent",0,558,0,1,0.5,0.5,1,0,1
"wsls_agent",0,"random_agent",1,559,0,1,0.5,0.5,0,-1,1
"wsls_agent",0,"random_agent",0,560,1,1,0.5,0.5,0,1,0
"wsls_agent",0,"random_agent",1,561,0,1,0.5,0.5,-1,0,0
"wsls_agent",1,"random_agent",0,562,0,1,0.5,0.5,0,1,0
"wsls_agent",0,"random_agent",1,563,0,1,0.5,0.5,0,-1,1
"wsls_agent",1,"random_agent",1,564,1,1,0.5,0.5,0,1,0
"wsls_agent",1,"random_agent",1,565,1,1,0.5,0.5,1,0,1
"wsls_agent",1,"random_agent",0,566,0,1,0.5,0.5,1,0,1
"wsls_agent",1,"random_agent",0,567,0,1,0.5,0.5,0,-1,1
"wsls_agent",0,"random_agent",0,568,1,1,0.5,0.5,0,-1,1
"wsls_agent",0,"random_agent",1,569,0,1,0.5,0.5,-1,0,0
"wsls_agent",1,"random_agent",1,570,1,1,0.5,0.5,0,1,0
"wsls_agent",1,"random_agent",0,571,0,1,0.5,0.5,1,0,1
"wsls_agent",0,"random_agent",1,572,0,1,0.5,0.5,0,-1,1
"wsls_agent",1,"random_agent",0,573,0,1,0.5,0.5,0,1,0
"wsls_agent",0,"random_agent",0,574,1,1,0.5,0.5,0,-1,1
"wsls_agent",0,"random_agent",1,575,0,1,0.5,0.5,-1,0,0
"wsls_agent",1,"random_agent",1,576,1,1,0.5,0.5,0,1,0
"wsls_agent",1,"random_agent",1,577,1,1,0.5,0.5,1,0,1
"wsls_agent",1,"random_agent",0,578,0,1,0.5,0.5,1,0,1
"wsls_agent",0,"random_agent",1,579,0,1,0.5,0.5,0,-1,1
"wsls_agent",1,"random_agent",0,580,0,1,0.5,0.5,0,1,0
"wsls_agent",0,"random_agent",1,581,0,1,0.5,0.5,0,-1,1
"wsls_agent",1,"random_agent",0,582,0,1,0.5,0.5,0,1,0
"wsls_agent",1,"random_agent",1,583,1,1,0.5,0.5,0,-1,1
"wsls_agent",1,"random_agent",1,584,1,1,0.5,0.5,1,0,1
"wsls_agent",1,"random_agent",1,585,1,1,0.5,0.5,1,0,1
"wsls_agent",0,"random_agent",0,586,1,1,0.5,0.5,1,0,1
"wsls_agent",0,"random_agent",1,587,0,1,0.5,0.5,-1,0,0
"wsls_agent",1,"random_agent",0,588,0,1,0.5,0.5,0,1,0
"wsls_agent",1,"random_agent",0,589,0,1,0.5,0.5,0,-1,1
"wsls_agent",0,"random_agent",1,590,0,1,0.5,0.5,0,-1,1
"wsls_agent",1,"random_agent",0,591,0,1,0.5,0.5,0,1,0
"wsls_agent",0,"random_agent",0,592,1,1,0.5,0.5,0,-1,1
"wsls_agent",0,"random_agent",0,593,1,1,0.5,0.5,-1,0,0
"wsls_agent",0,"random_agent",0,594,1,1,0.5,0.5,-1,0,0
"wsls_agent",0,"random_agent",0,595,1,1,0.5,0.5,-1,0,0
"wsls_agent",0,"random_agent",1,596,0,1,0.5,0.5,-1,0,0
"wsls_agent",0,"random_agent",1,597,0,1,0.5,0.5,0,1,0
"wsls_agent",0,"random_agent",1,598,0,1,0.5,0.5,0,1,0
"wsls_agent",1,"random_agent",1,599,1,1,0.5,0.5,0,1,0
"wsls_agent",0,"random_agent",1,600,0,1,0.5,0.5,1,0,1
"wsls_agent",1,"random_agent",1,601,1,1,0.5,0.5,0,1,0
"wsls_agent",0,"random_agent",1,602,0,1,0.5,0.5,1,0,1
"wsls_agent",0,"random_agent",1,603,0,1,0.5,0.5,0,1,0
"wsls_agent",0,"random_agent",0,604,1,1,0.5,0.5,0,1,0
"wsls_agent",0,"random_agent",0,605,1,1,0.5,0.5,-1,0,0
"wsls_agent",1,"random_agent",0,606,0,1,0.5,0.5,-1,0,0
"wsls_agent",0,"random_agent",0,607,1,1,0.5,0.5,0,-1,1
"wsls_agent",1,"random_agent",0,608,0,1,0.5,0.5,-1,0,0
"wsls_agent",1,"random_agent",1,609,1,1,0.5,0.5,0,-1,1
"wsls_agent",0,"random_agent",0,610,1,1,0.5,0.5,1,0,1
"wsls_agent",0,"random_agent",1,611,0,1,0.5,0.5,-1,0,0
"wsls_agent",1,"random_agent",0,612,0,1,0.5,0.5,0,1,0
"wsls_agent",0,"random_agent",0,613,1,1,0.5,0.5,0,-1,1
"wsls_agent",0,"random_agent",0,614,1,1,0.5,0.5,-1,0,0
"wsls_agent",0,"random_agent",0,615,1,1,0.5,0.5,-1,0,0
"wsls_agent",0,"random_agent",0,616,1,1,0.5,0.5,-1,0,0
"wsls_agent",0,"random_agent",0,617,1,1,0.5,0.5,-1,0,0
"wsls_agent",1,"random_agent",1,618,1,1,0.5,0.5,-1,0,0
"wsls_agent",1,"random_agent",1,619,1,1,0.5,0.5,1,0,1
"wsls_agent",1,"random_agent",0,620,0,1,0.5,0.5,1,0,1
"wsls_agent",1,"random_agent",0,621,0,1,0.5,0.5,0,-1,1
"wsls_agent",0,"random_agent",0,622,1,1,0.5,0.5,0,-1,1
"wsls_agent",0,"random_agent",1,623,0,1,0.5,0.5,-1,0,0
"wsls_agent",1,"random_agent",1,624,1,1,0.5,0.5,0,1,0
"wsls_agent",1,"random_agent",0,625,0,1,0.5,0.5,1,0,1
"wsls_agent",0,"random_agent",0,626,1,1,0.5,0.5,0,-1,1
"wsls_agent",0,"random_agent",0,627,1,1,0.5,0.5,-1,0,0
"wsls_agent",0,"random_agent",1,628,0,1,0.5,0.5,-1,0,0
"wsls_agent",1,"random_agent",0,629,0,1,0.5,0.5,0,1,0
"wsls_agent",0,"random_agent",1,630,0,1,0.5,0.5,0,-1,1
"wsls_agent",1,"random_agent",1,631,1,1,0.5,0.5,0,1,0
"wsls_agent",0,"random_agent",1,632,0,1,0.5,0.5,1,0,1
"wsls_agent",1,"random_agent",1,633,1,1,0.5,0.5,0,1,0
"wsls_agent",1,"random_agent",1,634,1,1,0.5,0.5,1,0,1
"wsls_agent",1,"random_agent",0,635,0,1,0.5,0.5,1,0,1
"wsls_agent",0,"random_agent",1,636,0,1,0.5,0.5,0,-1,1
"wsls_agent",1,"random_agent",0,637,0,1,0.5,0.5,0,1,0
"wsls_agent",1,"random_agent",1,638,1,1,0.5,0.5,0,-1,1
"wsls_agent",1,"random_agent",1,639,1,1,0.5,0.5,1,0,1
"wsls_agent",1,"random_agent",1,640,1,1,0.5,0.5,1,0,1
"wsls_agent",1,"random_agent",0,641,0,1,0.5,0.5,1,0,1
"wsls_agent",0,"random_agent",1,642,0,1,0.5,0.5,0,-1,1
"wsls_agent",0,"random_agent",0,643,1,1,0.5,0.5,0,1,0
"wsls_agent",0,"random_agent",1,644,0,1,0.5,0.5,-1,0,0
"wsls_agent",1,"random_agent",1,645,1,1,0.5,0.5,0,1,0
"wsls_agent",0,"random_agent",1,646,0,1,0.5,0.5,1,0,1
"wsls_agent",1,"random_agent",0,647,0,1,0.5,0.5,0,1,0
"wsls_agent",1,"random_agent",0,648,0,1,0.5,0.5,0,-1,1
"wsls_agent",1,"random_agent",1,649,1,1,0.5,0.5,0,-1,1
"wsls_agent",1,"random_agent",1,650,1,1,0.5,0.5,1,0,1
"wsls_agent",1,"random_agent",1,651,1,1,0.5,0.5,1,0,1
"wsls_agent",0,"random_agent",0,652,1,1,0.5,0.5,1,0,1
"wsls_agent",1,"random_agent",1,653,1,1,0.5,0.5,-1,0,0
"wsls_agent",1,"random_agent",1,654,1,1,0.5,0.5,1,0,1
"wsls_agent",1,"random_agent",0,655,0,1,0.5,0.5,1,0,1
"wsls_agent",0,"random_agent",0,656,1,1,0.5,0.5,0,-1,1
"wsls_agent",0,"random_agent",1,657,0,1,0.5,0.5,-1,0,0
"wsls_agent",0,"random_agent",0,658,1,1,0.5,0.5,0,1,0
"wsls_agent",1,"random_agent",0,659,0,1,0.5,0.5,-1,0,0
"wsls_agent",0,"random_agent",1,660,0,1,0.5,0.5,0,-1,1
"wsls_agent",1,"random_agent",0,661,0,1,0.5,0.5,0,1,0
"wsls_agent",0,"random_agent",1,662,0,1,0.5,0.5,0,-1,1
"wsls_agent",1,"random_agent",1,663,1,1,0.5,0.5,0,1,0
"wsls_agent",0,"random_agent",1,664,0,1,0.5,0.5,1,0,1
"wsls_agent",1,"random_agent",1,665,1,1,0.5,0.5,0,1,0
"wsls_agent",1,"random_agent",1,666,1,1,0.5,0.5,1,0,1
"wsls_agent",1,"random_agent",0,667,0,1,0.5,0.5,1,0,1
"wsls_agent",0,"random_agent",0,668,1,1,0.5,0.5,0,-1,1
"wsls_agent",0,"random_agent",1,669,0,1,0.5,0.5,-1,0,0
"wsls_agent",1,"random_agent",1,670,1,1,0.5,0.5,0,1,0
"wsls_agent",1,"random_agent",0,671,0,1,0.5,0.5,1,0,1
"wsls_agent",1,"random_agent",1,672,1,1,0.5,0.5,0,-1,1
"wsls_agent",0,"random_agent",0,673,1,1,0.5,0.5,1,0,1
"wsls_agent",1,"random_agent",0,674,0,1,0.5,0.5,-1,0,0
"wsls_agent",0,"random_agent",1,675,0,1,0.5,0.5,0,-1,1
"wsls_agent",1,"random_agent",1,676,1,1,0.5,0.5,0,1,0
"wsls_agent",1,"random_agent",1,677,1,1,0.5,0.5,1,0,1
"wsls_agent",1,"random_agent",1,678,1,1,0.5,0.5,1,0,1
"wsls_agent",0,"random_agent",0,679,1,1,0.5,0.5,1,0,1
"wsls_agent",0,"random_agent",1,680,0,1,0.5,0.5,-1,0,0
"wsls_agent",1,"random_agent",0,681,0,1,0.5,0.5,0,1,0
"wsls_agent",0,"random_agent",0,682,1,1,0.5,0.5,0,-1,1
"wsls_agent",0,"random_agent",0,683,1,1,0.5,0.5,-1,0,0
"wsls_agent",0,"random_agent",0,684,1,1,0.5,0.5,-1,0,0
"wsls_agent",0,"random_agent",1,685,0,1,0.5,0.5,-1,0,0
"wsls_agent",1,"random_agent",1,686,1,1,0.5,0.5,0,1,0
"wsls_agent",0,"random_agent",1,687,0,1,0.5,0.5,1,0,1
"wsls_agent",1,"random_agent",0,688,0,1,0.5,0.5,0,1,0
"wsls_agent",0,"random_agent",0,689,1,1,0.5,0.5,0,-1,1
"wsls_agent",0,"random_agent",0,690,1,1,0.5,0.5,-1,0,0
"wsls_agent",0,"random_agent",1,691,0,1,0.5,0.5,-1,0,0
"wsls_agent",1,"random_agent",0,692,0,1,0.5,0.5,0,1,0
"wsls_agent",0,"random_agent",0,693,1,1,0.5,0.5,0,-1,1
"wsls_agent",0,"random_agent",0,694,1,1,0.5,0.5,-1,0,0
"wsls_agent",0,"random_agent",0,695,1,1,0.5,0.5,-1,0,0
"wsls_agent",0,"random_agent",0,696,1,1,0.5,0.5,-1,0,0
"wsls_agent",0,"random_agent",0,697,1,1,0.5,0.5,-1,0,0
"wsls_agent",1,"random_agent",0,698,0,1,0.5,0.5,-1,0,0
"wsls_agent",0,"random_agent",0,699,1,1,0.5,0.5,0,-1,1
"wsls_agent",1,"random_agent",1,700,1,1,0.5,0.5,-1,0,0
"wsls_agent",1,"random_agent",0,701,0,1,0.5,0.5,1,0,1
"wsls_agent",1,"random_agent",0,702,0,1,0.5,0.5,0,-1,1
"wsls_agent",0,"random_agent",1,703,0,1,0.5,0.5,0,-1,1
"wsls_agent",1,"random_agent",0,704,0,1,0.5,0.5,0,1,0
"wsls_agent",0,"random_agent",0,705,1,1,0.5,0.5,0,-1,1
"wsls_agent",0,"random_agent",1,706,0,1,0.5,0.5,-1,0,0
"wsls_agent",1,"random_agent",1,707,1,1,0.5,0.5,0,1,0
"wsls_agent",0,"random_agent",0,708,1,1,0.5,0.5,1,0,1
"wsls_agent",0,"random_agent",0,709,1,1,0.5,0.5,-1,0,0
"wsls_agent",0,"random_agent",1,710,0,1,0.5,0.5,-1,0,0
"wsls_agent",0,"random_agent",1,711,0,1,0.5,0.5,0,1,0
"wsls_agent",1,"random_agent",0,712,0,1,0.5,0.5,0,1,0
"wsls_agent",0,"random_agent",0,713,1,1,0.5,0.5,0,-1,1
"wsls_agent",0,"random_agent",1,714,0,1,0.5,0.5,-1,0,0
"wsls_agent",1,"random_agent",1,715,1,1,0.5,0.5,0,1,0
"wsls_agent",1,"random_agent",1,716,1,1,0.5,0.5,1,0,1
"wsls_agent",0,"random_agent",1,717,0,1,0.5,0.5,1,0,1
"wsls_agent",1,"random_agent",1,718,1,1,0.5,0.5,0,1,0
"wsls_agent",1,"random_agent",0,719,0,1,0.5,0.5,1,0,1
"wsls_agent",0,"random_agent",1,720,0,1,0.5,0.5,0,-1,1
"wsls_agent",1,"random_agent",0,721,0,1,0.5,0.5,0,1,0
"wsls_agent",1,"random_agent",0,722,0,1,0.5,0.5,0,-1,1
"wsls_agent",0,"random_agent",1,723,0,1,0.5,0.5,0,-1,1
"wsls_agent",1,"random_agent",0,724,0,1,0.5,0.5,0,1,0
"wsls_agent",0,"random_agent",1,725,0,1,0.5,0.5,0,-1,1
"wsls_agent",1,"random_agent",0,726,0,1,0.5,0.5,0,1,0
"wsls_agent",1,"random_agent",1,727,1,1,0.5,0.5,0,-1,1
"wsls_agent",1,"random_agent",0,728,0,1,0.5,0.5,1,0,1
"wsls_agent",0,"random_agent",0,729,1,1,0.5,0.5,0,-1,1
"wsls_agent",1,"random_agent",1,730,1,1,0.5,0.5,-1,0,0
"wsls_agent",1,"random_agent",0,731,0,1,0.5,0.5,1,0,1
"wsls_agent",0,"random_agent",1,732,0,1,0.5,0.5,0,-1,1
"wsls_agent",1,"random_agent",0,733,0,1,0.5,0.5,0,1,0
"wsls_agent",1,"random_agent",1,734,1,1,0.5,0.5,0,-1,1
"wsls_agent",1,"random_agent",0,735,0,1,0.5,0.5,1,0,1
"wsls_agent",1,"random_agent",0,736,0,1,0.5,0.5,0,-1,1
"wsls_agent",0,"random_agent",0,737,1,1,0.5,0.5,0,-1,1
"wsls_agent",0,"random_agent",0,738,1,1,0.5,0.5,-1,0,0
"wsls_agent",1,"random_agent",0,739,0,1,0.5,0.5,-1,0,0
"wsls_agent",0,"random_agent",1,740,0,1,0.5,0.5,0,-1,1
"wsls_agent",1,"random_agent",0,741,0,1,0.5,0.5,0,1,0
"wsls_agent",0,"random_agent",1,742,0,1,0.5,0.5,0,-1,1
"wsls_agent",1,"random_agent",0,743,0,1,0.5,0.5,0,1,0
"wsls_agent",0,"random_agent",0,744,1,1,0.5,0.5,0,-1,1
"wsls_agent",0,"random_agent",1,745,0,1,0.5,0.5,-1,0,0
"wsls_agent",1,"random_agent",0,746,0,1,0.5,0.5,0,1,0
"wsls_agent",0,"random_agent",1,747,0,1,0.5,0.5,0,-1,1
"wsls_agent",1,"random_agent",0,748,0,1,0.5,0.5,0,1,0
"wsls_agent",1,"random_agent",0,749,0,1,0.5,0.5,0,-1,1
"wsls_agent",1,"random_agent",0,750,0,1,0.5,0.5,0,-1,1
"wsls_agent",1,"random_agent",0,751,0,1,0.5,0.5,0,-1,1
"wsls_agent",0,"random_agent",0,752,1,1,0.5,0.5,0,-1,1
"wsls_agent",1,"random_agent",0,753,0,1,0.5,0.5,-1,0,0
"wsls_agent",0,"random_agent",1,754,0,1,0.5,0.5,0,-1,1
"wsls_agent",1,"random_agent",0,755,0,1,0.5,0.5,0,1,0
"wsls_agent",1,"random_agent",0,756,0,1,0.5,0.5,0,-1,1
"wsls_agent",0,"random_agent",1,757,0,1,0.5,0.5,0,-1,1
"wsls_agent",1,"random_agent",0,758,0,1,0.5,0.5,0,1,0
"wsls_agent",0,"random_agent",1,759,0,1,0.5,0.5,0,-1,1
"wsls_agent",1,"random_agent",1,760,1,1,0.5,0.5,0,1,0
"wsls_agent",1,"random_agent",0,761,0,1,0.5,0.5,1,0,1
"wsls_agent",0,"random_agent",0,762,1,1,0.5,0.5,0,-1,1
"wsls_agent",0,"random_agent",0,763,1,1,0.5,0.5,-1,0,0
"wsls_agent",0,"random_agent",1,764,0,1,0.5,0.5,-1,0,0
"wsls_agent",1,"random_agent",1,765,1,1,0.5,0.5,0,1,0
"wsls_agent",1,"random_agent",1,766,1,1,0.5,0.5,1,0,1
"wsls_agent",1,"random_agent",1,767,1,1,0.5,0.5,1,0,1
"wsls_agent",1,"random_agent",1,768,1,1,0.5,0.5,1,0,1
"wsls_agent",1,"random_agent",1,769,1,1,0.5,0.5,1,0,1
"wsls_agent",1,"random_agent",1,770,1,1,0.5,0.5,1,0,1
"wsls_agent",0,"random_agent",1,771,0,1,0.5,0.5,1,0,1
"wsls_agent",1,"random_agent",0,772,0,1,0.5,0.5,0,1,0
"wsls_agent",0,"random_agent",1,773,0,1,0.5,0.5,0,-1,1
"wsls_agent",0,"random_agent",1,774,0,1,0.5,0.5,0,1,0
"wsls_agent",1,"random_agent",0,775,0,1,0.5,0.5,0,1,0
"wsls_agent",1,"random_agent",0,776,0,1,0.5,0.5,0,-1,1
"wsls_agent",0,"random_agent",0,777,1,1,0.5,0.5,0,-1,1
"wsls_agent",0,"random_agent",1,778,0,1,0.5,0.5,-1,0,0
"wsls_agent",0,"random_agent",0,779,1,1,0.5,0.5,0,1,0
"wsls_agent",1,"random_agent",0,780,0,1,0.5,0.5,-1,0,0
"wsls_agent",0,"random_agent",0,781,1,1,0.5,0.5,0,-1,1
"wsls_agent",0,"random_agent",1,782,0,1,0.5,0.5,-1,0,0
"wsls_agent",1,"random_agent",1,783,1,1,0.5,0.5,0,1,0
"wsls_agent",1,"random_agent",0,784,0,1,0.5,0.5,1,0,1
"wsls_agent",0,"random_agent",0,785,1,1,0.5,0.5,0,-1,1
"wsls_agent",0,"random_agent",1,786,0,1,0.5,0.5,-1,0,0
"wsls_agent",1,"random_agent",0,787,0,1,0.5,0.5,0,1,0
"wsls_agent",0,"random_agent",0,788,1,1,0.5,0.5,0,-1,1
"wsls_agent",0,"random_agent",0,789,1,1,0.5,0.5,-1,0,0
"wsls_agent",1,"random_agent",1,790,1,1,0.5,0.5,-1,0,0
"wsls_agent",1,"random_agent",1,791,1,1,0.5,0.5,1,0,1
"wsls_agent",0,"random_agent",0,792,1,1,0.5,0.5,1,0,1
"wsls_agent",0,"random_agent",0,793,1,1,0.5,0.5,-1,0,0
"wsls_agent",0,"random_agent",1,794,0,1,0.5,0.5,-1,0,0
"wsls_agent",0,"random_agent",0,795,1,1,0.5,0.5,0,1,0
"wsls_agent",1,"random_agent",0,796,0,1,0.5,0.5,-1,0,0
"wsls_agent",1,"random_agent",0,797,0,1,0.5,0.5,0,-1,1
"wsls_agent",0,"random_agent",0,798,1,1,0.5,0.5,0,-1,1
"wsls_agent",1,"random_agent",0,799,0,1,0.5,0.5,-1,0,0
"wsls_agent",0,"random_agent",1,800,0,1,0.5,0.5,0,-1,1
"wsls_agent",0,"random_agent",0,801,1,1,0.5,0.5,0,1,0
"wsls_agent",0,"random_agent",0,802,1,1,0.5,0.5,-1,0,0
"wsls_agent",0,"random_agent",1,803,0,1,0.5,0.5,-1,0,0
"wsls_agent",0,"random_agent",0,804,1,1,0.5,0.5,0,1,0
"wsls_agent",0,"random_agent",1,805,0,1,0.5,0.5,-1,0,0
"wsls_agent",1,"random_agent",1,806,1,1,0.5,0.5,0,1,0
"wsls_agent",0,"random_agent",1,807,0,1,0.5,0.5,1,0,1
"wsls_agent",1,"random_agent",0,808,0,1,0.5,0.5,0,1,0
"wsls_agent",0,"random_agent",0,809,1,1,0.5,0.5,0,-1,1
"wsls_agent",0,"random_agent",0,810,1,1,0.5,0.5,-1,0,0
"wsls_agent",0,"random_agent",1,811,0,1,0.5,0.5,-1,0,0
"wsls_agent",1,"random_agent",0,812,0,1,0.5,0.5,0,1,0
"wsls_agent",0,"random_agent",0,813,1,1,0.5,0.5,0,-1,1
"wsls_agent",0,"random_agent",0,814,1,1,0.5,0.5,-1,0,0
"wsls_agent",0,"random_agent",0,815,1,1,0.5,0.5,-1,0,0
"wsls_agent",1,"random_agent",1,816,1,1,0.5,0.5,-1,0,0
"wsls_agent",1,"random_agent",1,817,1,1,0.5,0.5,1,0,1
"wsls_agent",1,"random_agent",1,818,1,1,0.5,0.5,1,0,1
"wsls_agent",1,"random_agent",1,819,1,1,0.5,0.5,1,0,1
"wsls_agent",1,"random_agent",1,820,1,1,0.5,0.5,1,0,1
"wsls_agent",1,"random_agent",0,821,0,1,0.5,0.5,1,0,1
"wsls_agent",0,"random_agent",1,822,0,1,0.5,0.5,0,-1,1
"wsls_agent",0,"random_agent",1,823,0,1,0.5,0.5,0,1,0
"wsls_agent",0,"random_agent",1,824,0,1,0.5,0.5,0,1,0
"wsls_agent",1,"random_agent",0,825,0,1,0.5,0.5,0,1,0
"wsls_agent",1,"random_agent",0,826,0,1,0.5,0.5,0,-1,1
"wsls_agent",0,"random_agent",0,827,1,1,0.5,0.5,0,-1,1
"wsls_agent",1,"random_agent",1,828,1,1,0.5,0.5,-1,0,0
"wsls_agent",0,"random_agent",0,829,1,1,0.5,0.5,1,0,1
"wsls_agent",0,"random_agent",0,830,1,1,0.5,0.5,-1,0,0
"wsls_agent",1,"random_agent",0,831,0,1,0.5,0.5,-1,0,0
"wsls_agent",1,"random_agent",1,832,1,1,0.5,0.5,0,-1,1
"wsls_agent",1,"random_agent",1,833,1,1,0.5,0.5,1,0,1
"wsls_agent",1,"random_agent",0,834,0,1,0.5,0.5,1,0,1
"wsls_agent",0,"random_agent",1,835,0,1,0.5,0.5,0,-1,1
"wsls_agent",1,"random_agent",0,836,0,1,0.5,0.5,0,1,0
"wsls_agent",0,"random_agent",0,837,1,1,0.5,0.5,0,-1,1
"wsls_agent",0,"random_agent",0,838,1,1,0.5,0.5,-1,0,0
"wsls_agent",0,"random_agent",0,839,1,1,0.5,0.5,-1,0,0
"wsls_agent",0,"random_agent",1,840,0,1,0.5,0.5,-1,0,0
"wsls_agent",1,"random_agent",1,841,1,1,0.5,0.5,0,1,0
"wsls_agent",0,"random_agent",1,842,0,1,0.5,0.5,1,0,1
"wsls_agent",1,"random_agent",1,843,1,1,0.5,0.5,0,1,0
"wsls_agent",1,"random_agent",1,844,1,1,0.5,0.5,1,0,1
"wsls_agent",1,"random_agent",0,845,0,1,0.5,0.5,1,0,1
"wsls_agent",0,"random_agent",0,846,1,1,0.5,0.5,0,-1,1
"wsls_agent",0,"random_agent",1,847,0,1,0.5,0.5,-1,0,0
"wsls_agent",0,"random_agent",0,848,1,1,0.5,0.5,0,1,0
"wsls_agent",0,"random_agent",1,849,0,1,0.5,0.5,-1,0,0
"wsls_agent",1,"random_agent",0,850,0,1,0.5,0.5,0,1,0
"wsls_agent",0,"random_agent",0,851,1,1,0.5,0.5,0,-1,1
"wsls_agent",0,"random_agent",0,852,1,1,0.5,0.5,-1,0,0
"wsls_agent",1,"random_agent",0,853,0,1,0.5,0.5,-1,0,0
"wsls_agent",0,"random_agent",1,854,0,1,0.5,0.5,0,-1,1
"wsls_agent",1,"random_agent",0,855,0,1,0.5,0.5,0,1,0
"wsls_agent",1,"random_agent",0,856,0,1,0.5,0.5,0,-1,1
"wsls_agent",1,"random_agent",0,857,0,1,0.5,0.5,0,-1,1
"wsls_agent",0,"random_agent",1,858,0,1,0.5,0.5,0,-1,1
"wsls_agent",0,"random_agent",1,859,0,1,0.5,0.5,0,1,0
"wsls_agent",1,"random_agent",1,860,1,1,0.5,0.5,0,1,0
"wsls_agent",1,"random_agent",0,861,0,1,0.5,0.5,1,0,1
"wsls_agent",0,"random_agent",0,862,1,1,0.5,0.5,0,-1,1
"wsls_agent",0,"random_agent",1,863,0,1,0.5,0.5,-1,0,0
"wsls_agent",1,"random_agent",0,864,0,1,0.5,0.5,0,1,0
"wsls_agent",0,"random_agent",0,865,1,1,0.5,0.5,0,-1,1
"wsls_agent",0,"random_agent",0,866,1,1,0.5,0.5,-1,0,0
"wsls_agent",1,"random_agent",1,867,1,1,0.5,0.5,-1,0,0
"wsls_agent",1,"random_agent",1,868,1,1,0.5,0.5,1,0,1
"wsls_agent",1,"random_agent",0,869,0,1,0.5,0.5,1,0,1
"wsls_agent",1,"random_agent",1,870,1,1,0.5,0.5,0,-1,1
"wsls_agent",0,"random_agent",1,871,0,1,0.5,0.5,1,0,1
"wsls_agent",1,"random_agent",0,872,0,1,0.5,0.5,0,1,0
"wsls_agent",1,"random_agent",1,873,1,1,0.5,0.5,0,-1,1
"wsls_agent",1,"random_agent",1,874,1,1,0.5,0.5,1,0,1
"wsls_agent",0,"random_agent",1,875,0,1,0.5,0.5,1,0,1
"wsls_agent",1,"random_agent",0,876,0,1,0.5,0.5,0,1,0
"wsls_agent",0,"random_agent",1,877,0,1,0.5,0.5,0,-1,1
"wsls_agent",0,"random_agent",1,878,0,1,0.5,0.5,0,1,0
"wsls_agent",1,"random_agent",1,879,1,1,0.5,0.5,0,1,0
"wsls_agent",0,"random_agent",1,880,0,1,0.5,0.5,1,0,1
"wsls_agent",0,"random_agent",0,881,1,1,0.5,0.5,0,1,0
"wsls_agent",0,"random_agent",0,882,1,1,0.5,0.5,-1,0,0
"wsls_agent",0,"random_agent",0,883,1,1,0.5,0.5,-1,0,0
"wsls_agent",0,"random_agent",0,884,1,1,0.5,0.5,-1,0,0
"wsls_agent",1,"random_agent",0,885,0,1,0.5,0.5,-1,0,0
"wsls_agent",1,"random_agent",0,886,0,1,0.5,0.5,0,-1,1
"wsls_agent",1,"random_agent",1,887,1,1,0.5,0.5,0,-1,1
"wsls_agent",1,"random_agent",0,888,0,1,0.5,0.5,1,0,1
"wsls_agent",0,"random_agent",0,889,1,1,0.5,0.5,0,-1,1
"wsls_agent",1,"random_agent",0,890,0,1,0.5,0.5,-1,0,0
"wsls_agent",0,"random_agent",0,891,1,1,0.5,0.5,0,-1,1
"wsls_agent",0,"random_agent",1,892,0,1,0.5,0.5,-1,0,0
"wsls_agent",1,"random_agent",0,893,0,1,0.5,0.5,0,1,0
"wsls_agent",0,"random_agent",1,894,0,1,0.5,0.5,0,-1,1
"wsls_agent",1,"random_agent",0,895,0,1,0.5,0.5,0,1,0
"wsls_agent",0,"random_agent",0,896,1,1,0.5,0.5,0,-1,1
"wsls_agent",0,"random_agent",1,897,0,1,0.5,0.5,-1,0,0
"wsls_agent",1,"random_agent",0,898,0,1,0.5,0.5,0,1,0
"wsls_agent",0,"random_agent",1,899,0,1,0.5,0.5,0,-1,1
"wsls_agent",1,"random_agent",1,900,1,1,0.5,0.5,0,1,0
"wsls_agent",1,"random_agent",1,901,1,1,0.5,0.5,1,0,1
"wsls_agent",1,"random_agent",1,902,1,1,0.5,0.5,1,0,1
"wsls_agent",1,"random_agent",0,903,0,1,0.5,0.5,1,0,1
"wsls_agent",0,"random_agent",1,904,0,1,0.5,0.5,0,-1,1
"wsls_agent",1,"random_agent",0,905,0,1,0.5,0.5,0,1,0
"wsls_agent",0,"random_agent",1,906,0,1,0.5,0.5,0,-1,1
"wsls_agent",1,"random_agent",1,907,1,1,0.5,0.5,0,1,0
"wsls_agent",1,"random_agent",1,908,1,1,0.5,0.5,1,0,1
"wsls_agent",1,"random_agent",0,909,0,1,0.5,0.5,1,0,1
"wsls_agent",1,"random_agent",0,910,0,1,0.5,0.5,0,-1,1
"wsls_agent",1,"random_agent",1,911,1,1,0.5,0.5,0,-1,1
"wsls_agent",1,"random_agent",1,912,1,1,0.5,0.5,1,0,1
"wsls_agent",0,"random_agent",1,913,0,1,0.5,0.5,1,0,1
"wsls_agent",1,"random_agent",0,914,0,1,0.5,0.5,0,1,0
"wsls_agent",1,"random_agent",0,915,0,1,0.5,0.5,0,-1,1
"wsls_agent",0,"random_agent",0,916,1,1,0.5,0.5,0,-1,1
"wsls_agent",0,"random_agent",1,917,0,1,0.5,0.5,-1,0,0
"wsls_agent",1,"random_agent",1,918,1,1,0.5,0.5,0,1,0
"wsls_agent",0,"random_agent",1,919,0,1,0.5,0.5,1,0,1
"wsls_agent",1,"random_agent",0,920,0,1,0.5,0.5,0,1,0
"wsls_agent",0,"random_agent",0,921,1,1,0.5,0.5,0,-1,1
"wsls_agent",0,"random_agent",1,922,0,1,0.5,0.5,-1,0,0
"wsls_agent",0,"random_agent",1,923,0,1,0.5,0.5,0,1,0
"wsls_agent",1,"random_agent",1,924,1,1,0.5,0.5,0,1,0
"wsls_agent",1,"random_agent",0,925,0,1,0.5,0.5,1,0,1
"wsls_agent",0,"random_agent",0,926,1,1,0.5,0.5,0,-1,1
"wsls_agent",0,"random_agent",0,927,1,1,0.5,0.5,-1,0,0
"wsls_agent",0,"random_agent",1,928,0,1,0.5,0.5,-1,0,0
"wsls_agent",1,"random_agent",1,929,1,1,0.5,0.5,0,1,0
"wsls_agent",0,"random_agent",0,930,1,1,0.5,0.5,1,0,1
"wsls_agent",0,"random_agent",0,931,1,1,0.5,0.5,-1,0,0
"wsls_agent",0,"random_agent",1,932,0,1,0.5,0.5,-1,0,0
"wsls_agent",0,"random_agent",1,933,0,1,0.5,0.5,0,1,0
"wsls_agent",1,"random_agent",0,934,0,1,0.5,0.5,0,1,0
"wsls_agent",1,"random_agent",0,935,0,1,0.5,0.5,0,-1,1
"wsls_agent",1,"random_agent",0,936,0,1,0.5,0.5,0,-1,1
"wsls_agent",0,"random_agent",1,937,0,1,0.5,0.5,0,-1,1
"wsls_agent",0,"random_agent",0,938,1,1,0.5,0.5,0,1,0
"wsls_agent",0,"random_agent",1,939,0,1,0.5,0.5,-1,0,0
"wsls_agent",0,"random_agent",0,940,1,1,0.5,0.5,0,1,0
"wsls_agent",0,"random_agent",1,941,0,1,0.5,0.5,-1,0,0
"wsls_agent",1,"random_agent",0,942,0,1,0.5,0.5,0,1,0
"wsls_agent",0,"random_agent",1,943,0,1,0.5,0.5,0,-1,1
"wsls_agent",1,"random_agent",0,944,0,1,0.5,0.5,0,1,0
"wsls_agent",0,"random_agent",0,945,1,1,0.5,0.5,0,-1,1
"wsls_agent",1,"random_agent",1,946,1,1,0.5,0.5,-1,0,0
"wsls_agent",1,"random_agent",0,947,0,1,0.5,0.5,1,0,1
"wsls_agent",0,"random_agent",1,948,0,1,0.5,0.5,0,-1,1
"wsls_agent",1,"random_agent",1,949,1,1,0.5,0.5,0,1,0
"wsls_agent",0,"random_agent",1,950,0,1,0.5,0.5,1,0,1
"wsls_agent",1,"random_agent",1,951,1,1,0.5,0.5,0,1,0
"wsls_agent",0,"random_agent",1,952,0,1,0.5,0.5,1,0,1
"wsls_agent",1,"random_agent",0,953,0,1,0.5,0.5,0,1,0
"wsls_agent",0,"random_agent",0,954,1,1,0.5,0.5,0,-1,1
"wsls_agent",0,"random_agent",0,955,1,1,0.5,0.5,-1,0,0
"wsls_agent",0,"random_agent",0,956,1,1,0.5,0.5,-1,0,0
"wsls_agent",0,"random_agent",0,957,1,1,0.5,0.5,-1,0,0
"wsls_agent",0,"random_agent",1,958,0,1,0.5,0.5,-1,0,0
"wsls_agent",1,"random_agent",1,959,1,1,0.5,0.5,0,1,0
"wsls_agent",1,"random_agent",0,960,0,1,0.5,0.5,1,0,1
"wsls_agent",1,"random_agent",1,961,1,1,0.5,0.5,0,-1,1
"wsls_agent",1,"random_agent",1,962,1,1,0.5,0.5,1,0,1
"wsls_agent",1,"random_agent",0,963,0,1,0.5,0.5,1,0,1
"wsls_agent",0,"random_agent",0,964,1,1,0.5,0.5,0,-1,1
"wsls_agent",0,"random_agent",1,965,0,1,0.5,0.5,-1,0,0
"wsls_agent",1,"random_agent",1,966,1,1,0.5,0.5,0,1,0
"wsls_agent",1,"random_agent",0,967,0,1,0.5,0.5,1,0,1
"wsls_agent",1,"random_agent",0,968,0,1,0.5,0.5,0,-1,1
"wsls_agent",1,"random_agent",1,969,1,1,0.5,0.5,0,-1,1
"wsls_agent",1,"random_agent",1,970,1,1,0.5,0.5,1,0,1
"wsls_agent",1,"random_agent",0,971,0,1,0.5,0.5,1,0,1
"wsls_agent",1,"random_agent",1,972,1,1,0.5,0.5,0,-1,1
"wsls_agent",1,"random_agent",0,973,0,1,0.5,0.5,1,0,1
"wsls_agent",0,"random_agent",0,974,1,1,0.5,0.5,0,-1,1
"wsls_agent",0,"random_agent",0,975,1,1,0.5,0.5,-1,0,0
"wsls_agent",0,"random_agent",0,976,1,1,0.5,0.5,-1,0,0
"wsls_agent",0,"random_agent",1,977,0,1,0.5,0.5,-1,0,0
"wsls_agent",0,"random_agent",1,978,0,1,0.5,0.5,0,1,0
"wsls_agent",1,"random_agent",0,979,0,1,0.5,0.5,0,1,0
"wsls_agent",0,"random_agent",0,980,1,1,0.5,0.5,0,-1,1
"wsls_agent",0,"random_agent",1,981,0,1,0.5,0.5,-1,0,0
"wsls_agent",1,"random_agent",0,982,0,1,0.5,0.5,0,1,0
"wsls_agent",0,"random_agent",1,983,0,1,0.5,0.5,0,-1,1
"wsls_agent",0,"random_agent",1,984,0,1,0.5,0.5,0,1,0
"wsls_agent",1,"random_agent",1,985,1,1,0.5,0.5,0,1,0
"wsls_agent",1,"random_agent",1,986,1,1,0.5,0.5,1,0,1
"wsls_agent",1,"random_agent",1,987,1,1,0.5,0.5,1,0,1
"wsls_agent",1,"random_agent",0,988,0,1,0.5,0.5,1,0,1
"wsls_agent",1,"random_agent",1,989,1,1,0.5,0.5,0,-1,1
"wsls_agent",0,"random_agent",1,990,0,1,0.5,0.5,1,0,1
"wsls_agent",0,"random_agent",1,991,0,1,0.5,0.5,0,1,0
"wsls_agent",1,"random_agent",0,992,0,1,0.5,0.5,0,1,0
"wsls_agent",0,"random_agent",1,993,0,1,0.5,0.5,0,-1,1
"wsls_agent",0,"random_agent",0,994,1,1,0.5,0.5,0,1,0
"wsls_agent",0,"random_agent",0,995,1,1,0.5,0.5,-1,0,0
"wsls_agent",0,"random_agent",1,996,0,1,0.5,0.5,-1,0,0
"wsls_agent",1,"random_agent",0,997,0,1,0.5,0.5,0,1,0
"wsls_agent",1,"random_agent",1,998,1,1,0.5,0.5,0,-1,1
"wsls_agent",0,"random_agent",1,999,0,1,0.5,0.5,1,0,1
"wsls_agent",1,"random_agent",0,1000,0,1,0.5,0.5,0,1,0
